"","scenario_run","run","population","total"
"1","run1",1,"(A) non-prisoner-facing staff",5.70175722557295
"2","run1",1,"(B) prisoner-facing staff",28.0764758538405
"3","run1",2,"(A) non-prisoner-facing staff",5.56891073893448
"4","run1",2,"(B) prisoner-facing staff",27.6726549499499
"5","run1",3,"(A) non-prisoner-facing staff",6.16403995227448
"6","run1",3,"(B) prisoner-facing staff",30.1154471752813
"7","run1",4,"(A) non-prisoner-facing staff",5.68133057866837
"8","run1",4,"(B) prisoner-facing staff",27.8594267472962
"9","run1",5,"(A) non-prisoner-facing staff",5.34700695432915
"10","run1",5,"(B) prisoner-facing staff",26.6063600808292
"11","run1",6,"(A) non-prisoner-facing staff",5.64291108600954
"12","run1",6,"(B) prisoner-facing staff",27.5531311174624
"13","run1",7,"(A) non-prisoner-facing staff",6.47511001042236
"14","run1",7,"(B) prisoner-facing staff",31.854578001515
"15","run1",8,"(A) non-prisoner-facing staff",5.72668128507904
"16","run1",8,"(B) prisoner-facing staff",29.8237662574317
"17","run1",9,"(A) non-prisoner-facing staff",4.90205988576956
"18","run1",9,"(B) prisoner-facing staff",23.8961508658143
"19","run1",10,"(A) non-prisoner-facing staff",5.67531393862088
"20","run1",10,"(B) prisoner-facing staff",27.7335062540047
"21","run1",11,"(A) non-prisoner-facing staff",5.32726250982315
"22","run1",11,"(B) prisoner-facing staff",27.4165563727646
"23","run1",12,"(A) non-prisoner-facing staff",5.66588021151429
"24","run1",12,"(B) prisoner-facing staff",27.5299324596191
"25","run1",13,"(A) non-prisoner-facing staff",5.8312003477773
"26","run1",13,"(B) prisoner-facing staff",28.3479949382658
"27","run1",14,"(A) non-prisoner-facing staff",5.2577925741333
"28","run1",14,"(B) prisoner-facing staff",25.6986098339587
"29","run1",15,"(A) non-prisoner-facing staff",5.7514076189354
"30","run1",15,"(B) prisoner-facing staff",28.6655376328255
"31","run1",16,"(A) non-prisoner-facing staff",5.1386912376572
"32","run1",16,"(B) prisoner-facing staff",25.1314655478206
"33","run1",17,"(A) non-prisoner-facing staff",5.44861304167791
"34","run1",17,"(B) prisoner-facing staff",26.6285397546909
"35","run1",18,"(A) non-prisoner-facing staff",5.21615959411807
"36","run1",18,"(B) prisoner-facing staff",26.7089250185941
"37","run1",19,"(A) non-prisoner-facing staff",5.20197493898054
"38","run1",19,"(B) prisoner-facing staff",26.1487759462441
"39","run1",20,"(A) non-prisoner-facing staff",5.33923731332357
"40","run1",20,"(B) prisoner-facing staff",26.2129679491605
"41","run1",21,"(A) non-prisoner-facing staff",4.63448393809859
"42","run1",21,"(B) prisoner-facing staff",22.7637463812578
"43","run1",22,"(A) non-prisoner-facing staff",5.27116858008598
"44","run1",22,"(B) prisoner-facing staff",25.7642816565528
"45","run1",23,"(A) non-prisoner-facing staff",4.92364228735171
"46","run1",23,"(B) prisoner-facing staff",24.2278478369172
"47","run1",24,"(A) non-prisoner-facing staff",4.9111031928623
"48","run1",24,"(B) prisoner-facing staff",23.947965029222
"49","run1",25,"(A) non-prisoner-facing staff",6.38973258878263
"50","run1",25,"(B) prisoner-facing staff",31.1515787303878
"51","run1",26,"(A) non-prisoner-facing staff",5.41100759580714
"52","run1",26,"(B) prisoner-facing staff",26.8067817180611
"53","run1",27,"(A) non-prisoner-facing staff",4.80242419453539
"54","run1",27,"(B) prisoner-facing staff",25.3088340621273
"55","run1",28,"(A) non-prisoner-facing staff",4.91918977630924
"56","run1",28,"(B) prisoner-facing staff",24.1265936769408
"57","run1",29,"(A) non-prisoner-facing staff",6.56719672248884
"58","run1",29,"(B) prisoner-facing staff",32.1244894812422
"59","run1",30,"(A) non-prisoner-facing staff",5.07493221385341
"60","run1",30,"(B) prisoner-facing staff",24.9248886724184
"61","run1",31,"(A) non-prisoner-facing staff",6.60563111560189
"62","run1",31,"(B) prisoner-facing staff",32.4831047930077
"63","run1",32,"(A) non-prisoner-facing staff",5.22261744716295
"64","run1",32,"(B) prisoner-facing staff",25.5510087747724
"65","run1",33,"(A) non-prisoner-facing staff",4.84434430763227
"66","run1",33,"(B) prisoner-facing staff",23.8621751951385
"67","run1",34,"(A) non-prisoner-facing staff",5.5606806670215
"68","run1",34,"(B) prisoner-facing staff",27.138912359629
"69","run1",35,"(A) non-prisoner-facing staff",4.97283673172061
"70","run1",35,"(B) prisoner-facing staff",25.2221752658739
"71","run1",36,"(A) non-prisoner-facing staff",5.22682969711686
"72","run1",36,"(B) prisoner-facing staff",26.022943838298
"73","run1",37,"(A) non-prisoner-facing staff",5.21720542929847
"74","run1",37,"(B) prisoner-facing staff",25.5182415320234
"75","run1",38,"(A) non-prisoner-facing staff",5.11044151493702
"76","run1",38,"(B) prisoner-facing staff",25.0818245576535
"77","run1",39,"(A) non-prisoner-facing staff",5.12187327486953
"78","run1",39,"(B) prisoner-facing staff",25.9443553744116
"79","run1",40,"(A) non-prisoner-facing staff",4.54706085736195
"80","run1",40,"(B) prisoner-facing staff",22.3083343002321
"81","run1",41,"(A) non-prisoner-facing staff",5.19971009784218
"82","run1",41,"(B) prisoner-facing staff",26.3832748819325
"83","run1",42,"(A) non-prisoner-facing staff",6.13928460155519
"84","run1",42,"(B) prisoner-facing staff",30.2942926953428
"85","run1",43,"(A) non-prisoner-facing staff",5.13148508705482
"86","run1",43,"(B) prisoner-facing staff",25.1524003829964
"87","run1",44,"(A) non-prisoner-facing staff",4.85976352414123
"88","run1",44,"(B) prisoner-facing staff",24.9778495494274
"89","run1",45,"(A) non-prisoner-facing staff",4.88530204811256
"90","run1",45,"(B) prisoner-facing staff",25.5010624947087
"91","run1",46,"(A) non-prisoner-facing staff",5.09316723205974
"92","run1",46,"(B) prisoner-facing staff",24.843918838196
"93","run1",47,"(A) non-prisoner-facing staff",5.00950481692959
"94","run1",47,"(B) prisoner-facing staff",24.8729451680042
"95","run1",48,"(A) non-prisoner-facing staff",6.34117224744744
"96","run1",48,"(B) prisoner-facing staff",31.675086313661
"97","run1",49,"(A) non-prisoner-facing staff",6.71570658722308
"98","run1",49,"(B) prisoner-facing staff",32.841353481145
"99","run1",50,"(A) non-prisoner-facing staff",5.55210893030828
"100","run1",50,"(B) prisoner-facing staff",28.0331642590805
"101","run1",51,"(A) non-prisoner-facing staff",5.38820629073864
"102","run1",51,"(B) prisoner-facing staff",26.3852182489447
"103","run1",52,"(A) non-prisoner-facing staff",5.00719733401057
"104","run1",52,"(B) prisoner-facing staff",25.0443202093341
"105","run1",53,"(A) non-prisoner-facing staff",4.79399742084976
"106","run1",53,"(B) prisoner-facing staff",24.5121840117662
"107","run1",54,"(A) non-prisoner-facing staff",5.01493218947072
"108","run1",54,"(B) prisoner-facing staff",24.6912200884475
"109","run1",55,"(A) non-prisoner-facing staff",6.03660414003974
"110","run1",55,"(B) prisoner-facing staff",29.5146735540759
"111","run1",56,"(A) non-prisoner-facing staff",5.05873446488678
"112","run1",56,"(B) prisoner-facing staff",24.8170607784697
"113","run1",57,"(A) non-prisoner-facing staff",5.13391808385093
"114","run1",57,"(B) prisoner-facing staff",25.1490537935552
"115","run1",58,"(A) non-prisoner-facing staff",4.53532407395678
"116","run1",58,"(B) prisoner-facing staff",22.2605037191871
"117","run1",59,"(A) non-prisoner-facing staff",4.99768548831717
"118","run1",59,"(B) prisoner-facing staff",24.4895147383573
"119","run1",60,"(A) non-prisoner-facing staff",6.03123086787073
"120","run1",60,"(B) prisoner-facing staff",29.4537775341851
"121","run1",61,"(A) non-prisoner-facing staff",4.91093133414472
"122","run1",61,"(B) prisoner-facing staff",24.0640449923874
"123","run1",62,"(A) non-prisoner-facing staff",6.70694141933899
"124","run1",62,"(B) prisoner-facing staff",33.8532565850426
"125","run1",63,"(A) non-prisoner-facing staff",6.35987078024427
"126","run1",63,"(B) prisoner-facing staff",31.1967075597672
"127","run1",64,"(A) non-prisoner-facing staff",5.34924013279028
"128","run1",64,"(B) prisoner-facing staff",26.1588392254014
"129","run1",65,"(A) non-prisoner-facing staff",5.44512756798433
"130","run1",65,"(B) prisoner-facing staff",26.5831104319331
"131","run1",66,"(A) non-prisoner-facing staff",5.0402725299124
"132","run1",66,"(B) prisoner-facing staff",24.641005317378
"133","run1",67,"(A) non-prisoner-facing staff",5.25245661748951
"134","run1",67,"(B) prisoner-facing staff",25.9359007256827
"135","run1",68,"(A) non-prisoner-facing staff",6.22151450959839
"136","run1",68,"(B) prisoner-facing staff",30.2866645416247
"137","run1",69,"(A) non-prisoner-facing staff",5.02931371117895
"138","run1",69,"(B) prisoner-facing staff",24.804553384452
"139","run1",70,"(A) non-prisoner-facing staff",5.1397198321321
"140","run1",70,"(B) prisoner-facing staff",25.9187408310648
"141","run1",71,"(A) non-prisoner-facing staff",5.8462353784671
"142","run1",71,"(B) prisoner-facing staff",28.612648387043
"143","run1",72,"(A) non-prisoner-facing staff",5.08444911852463
"144","run1",72,"(B) prisoner-facing staff",24.9933229396243
"145","run1",73,"(A) non-prisoner-facing staff",6.14143206191887
"146","run1",73,"(B) prisoner-facing staff",29.9175381252932
"147","run1",74,"(A) non-prisoner-facing staff",5.84428678231342
"148","run1",74,"(B) prisoner-facing staff",28.5285033398669
"149","run1",75,"(A) non-prisoner-facing staff",4.75249559140115
"150","run1",75,"(B) prisoner-facing staff",23.3297142141904
"151","run1",76,"(A) non-prisoner-facing staff",5.85836182231295
"152","run1",76,"(B) prisoner-facing staff",28.5952287101986
"153","run1",77,"(A) non-prisoner-facing staff",5.43712457915245
"154","run1",77,"(B) prisoner-facing staff",26.4623503248204
"155","run1",78,"(A) non-prisoner-facing staff",5.0883387762559
"156","run1",78,"(B) prisoner-facing staff",25.6858485996468
"157","run1",79,"(A) non-prisoner-facing staff",5.14545536332787
"158","run1",79,"(B) prisoner-facing staff",25.3896490832389
"159","run1",80,"(A) non-prisoner-facing staff",4.9787499831158
"160","run1",80,"(B) prisoner-facing staff",24.7246333427124
"161","run1",81,"(A) non-prisoner-facing staff",6.63291448091936
"162","run1",81,"(B) prisoner-facing staff",33.4172404117015
"163","run1",82,"(A) non-prisoner-facing staff",5.70976842422889
"164","run1",82,"(B) prisoner-facing staff",27.9194739946309
"165","run1",83,"(A) non-prisoner-facing staff",5.02644960489438
"166","run1",83,"(B) prisoner-facing staff",24.3705666934634
"167","run1",84,"(A) non-prisoner-facing staff",5.73247273852965
"168","run1",84,"(B) prisoner-facing staff",28.0597120908464
"169","run1",85,"(A) non-prisoner-facing staff",5.48061290457813
"170","run1",85,"(B) prisoner-facing staff",26.7976663172166
"171","run1",86,"(A) non-prisoner-facing staff",5.08217286607487
"172","run1",86,"(B) prisoner-facing staff",24.8809532166653
"173","run1",87,"(A) non-prisoner-facing staff",4.62015792741838
"174","run1",87,"(B) prisoner-facing staff",24.6605114338236
"175","run1",88,"(A) non-prisoner-facing staff",5.92578129378851
"176","run1",88,"(B) prisoner-facing staff",29.8265970873762
"177","run1",89,"(A) non-prisoner-facing staff",5.68071234966508
"178","run1",89,"(B) prisoner-facing staff",27.6462795514272
"179","run1",90,"(A) non-prisoner-facing staff",5.17205129196689
"180","run1",90,"(B) prisoner-facing staff",25.2975624641341
"181","run1",91,"(A) non-prisoner-facing staff",4.7693863746988
"182","run1",91,"(B) prisoner-facing staff",23.4159875515381
"183","run1",92,"(A) non-prisoner-facing staff",5.23970377368694
"184","run1",92,"(B) prisoner-facing staff",27.1852311329357
"185","run1",93,"(A) non-prisoner-facing staff",6.45683955173351
"186","run1",93,"(B) prisoner-facing staff",31.495993264954
"187","run1",94,"(A) non-prisoner-facing staff",4.75944577279909
"188","run1",94,"(B) prisoner-facing staff",23.299944604394
"189","run1",95,"(A) non-prisoner-facing staff",5.11882707351158
"190","run1",95,"(B) prisoner-facing staff",26.3488116257842
"191","run1",96,"(A) non-prisoner-facing staff",6.04586786662381
"192","run1",96,"(B) prisoner-facing staff",29.9218410480075
"193","run1",97,"(A) non-prisoner-facing staff",6.15092659109879
"194","run1",97,"(B) prisoner-facing staff",30.8998160809581
"195","run1",98,"(A) non-prisoner-facing staff",5.25691716732927
"196","run1",98,"(B) prisoner-facing staff",25.8632243386302
"197","run1",99,"(A) non-prisoner-facing staff",5.91285135850954
"198","run1",99,"(B) prisoner-facing staff",30.3830625619259
"199","run1",100,"(A) non-prisoner-facing staff",4.50659234573144
"200","run1",100,"(B) prisoner-facing staff",22.9154126974539
"201","run2",1,"(A) non-prisoner-facing staff",5.29945906675117
"202","run2",1,"(B) prisoner-facing staff",28.0653893369142
"203","run2",2,"(A) non-prisoner-facing staff",5.34553915683567
"204","run2",2,"(B) prisoner-facing staff",27.6607952544125
"205","run2",3,"(A) non-prisoner-facing staff",5.66836931942902
"206","run2",3,"(B) prisoner-facing staff",30.1057015488618
"207","run2",4,"(A) non-prisoner-facing staff",5.08595036743222
"208","run2",4,"(B) prisoner-facing staff",27.8482241159081
"209","run2",5,"(A) non-prisoner-facing staff",4.39979731153094
"210","run2",5,"(B) prisoner-facing staff",26.5473126923754
"211","run2",6,"(A) non-prisoner-facing staff",4.74549744118046
"212","run2",6,"(B) prisoner-facing staff",27.5426476209962
"213","run2",7,"(A) non-prisoner-facing staff",5.60043942264614
"214","run2",7,"(B) prisoner-facing staff",31.8276192295073
"215","run2",8,"(A) non-prisoner-facing staff",4.50862804951114
"216","run2",8,"(B) prisoner-facing staff",29.7773010735054
"217","run2",9,"(A) non-prisoner-facing staff",4.25223442392804
"218","run2",9,"(B) prisoner-facing staff",23.8920901355735
"219","run2",10,"(A) non-prisoner-facing staff",3.83559926024627
"220","run2",10,"(B) prisoner-facing staff",27.7012048110558
"221","run2",11,"(A) non-prisoner-facing staff",4.25850549379453
"222","run2",11,"(B) prisoner-facing staff",27.390539441447
"223","run2",12,"(A) non-prisoner-facing staff",5.02693418406288
"224","run2",12,"(B) prisoner-facing staff",27.5179717351349
"225","run2",13,"(A) non-prisoner-facing staff",4.77717697650406
"226","run2",13,"(B) prisoner-facing staff",28.3369361392121
"227","run2",14,"(A) non-prisoner-facing staff",4.32864804194722
"228","run2",14,"(B) prisoner-facing staff",25.6694409286592
"229","run2",15,"(A) non-prisoner-facing staff",5.14828721747398
"230","run2",15,"(B) prisoner-facing staff",28.6379222085779
"231","run2",16,"(A) non-prisoner-facing staff",4.41888536666685
"232","run2",16,"(B) prisoner-facing staff",25.1249904276251
"233","run2",17,"(A) non-prisoner-facing staff",4.18170597334789
"234","run2",17,"(B) prisoner-facing staff",26.6064477401627
"235","run2",18,"(A) non-prisoner-facing staff",4.73541242540452
"236","run2",18,"(B) prisoner-facing staff",26.6898727571855
"237","run2",19,"(A) non-prisoner-facing staff",4.45269284805009
"238","run2",19,"(B) prisoner-facing staff",26.1232661501394
"239","run2",20,"(A) non-prisoner-facing staff",4.74037827955978
"240","run2",20,"(B) prisoner-facing staff",26.1975857987268
"241","run2",21,"(A) non-prisoner-facing staff",4.04759241275228
"242","run2",21,"(B) prisoner-facing staff",22.7564663051082
"243","run2",22,"(A) non-prisoner-facing staff",4.84473980829831
"244","run2",22,"(B) prisoner-facing staff",25.7622873819325
"245","run2",23,"(A) non-prisoner-facing staff",4.66972526150505
"246","run2",23,"(B) prisoner-facing staff",24.2224809509264
"247","run2",24,"(A) non-prisoner-facing staff",3.88876279162892
"248","run2",24,"(B) prisoner-facing staff",23.9251922467322
"249","run2",25,"(A) non-prisoner-facing staff",5.13216088742814
"250","run2",25,"(B) prisoner-facing staff",31.1325035828121
"251","run2",26,"(A) non-prisoner-facing staff",5.0037931472568
"252","run2",26,"(B) prisoner-facing staff",26.7886378612613
"253","run2",27,"(A) non-prisoner-facing staff",3.87136138621972
"254","run2",27,"(B) prisoner-facing staff",25.2625749935106
"255","run2",28,"(A) non-prisoner-facing staff",4.22831549197651
"256","run2",28,"(B) prisoner-facing staff",24.1179798517839
"257","run2",29,"(A) non-prisoner-facing staff",6.28425073042775
"258","run2",29,"(B) prisoner-facing staff",32.1092644081413
"259","run2",30,"(A) non-prisoner-facing staff",3.69693374133111
"260","run2",30,"(B) prisoner-facing staff",24.9066282801902
"261","run2",31,"(A) non-prisoner-facing staff",5.96451639578864
"262","run2",31,"(B) prisoner-facing staff",32.4561389984966
"263","run2",32,"(A) non-prisoner-facing staff",4.05389247979827
"264","run2",32,"(B) prisoner-facing staff",25.5380542256727
"265","run2",33,"(A) non-prisoner-facing staff",3.96249953805925
"266","run2",33,"(B) prisoner-facing staff",23.8322578806971
"267","run2",34,"(A) non-prisoner-facing staff",4.47685319654807
"268","run2",34,"(B) prisoner-facing staff",27.1148548088654
"269","run2",35,"(A) non-prisoner-facing staff",4.21795238432329
"270","run2",35,"(B) prisoner-facing staff",25.198949744008
"271","run2",36,"(A) non-prisoner-facing staff",4.4126665040591
"272","run2",36,"(B) prisoner-facing staff",26.0031317852414
"273","run2",37,"(A) non-prisoner-facing staff",4.4033256949468
"274","run2",37,"(B) prisoner-facing staff",25.5060594646738
"275","run2",38,"(A) non-prisoner-facing staff",4.88376401658662
"276","run2",38,"(B) prisoner-facing staff",25.0797224371723
"277","run2",39,"(A) non-prisoner-facing staff",4.34143954898415
"278","run2",39,"(B) prisoner-facing staff",25.9239526863989
"279","run2",40,"(A) non-prisoner-facing staff",4.15365148366768
"280","run2",40,"(B) prisoner-facing staff",22.3022552902855
"281","run2",41,"(A) non-prisoner-facing staff",4.33823127925699
"282","run2",41,"(B) prisoner-facing staff",26.3569817798184
"283","run2",42,"(A) non-prisoner-facing staff",5.33814106645724
"284","run2",42,"(B) prisoner-facing staff",30.2721830865823
"285","run2",43,"(A) non-prisoner-facing staff",4.31316188623313
"286","run2",43,"(B) prisoner-facing staff",25.1437289736791
"287","run2",44,"(A) non-prisoner-facing staff",4.14417620587381
"288","run2",44,"(B) prisoner-facing staff",24.9479068278044
"289","run2",45,"(A) non-prisoner-facing staff",4.22458364408354
"290","run2",45,"(B) prisoner-facing staff",25.48497202053
"291","run2",46,"(A) non-prisoner-facing staff",4.6523425812524
"292","run2",46,"(B) prisoner-facing staff",24.8351254553759
"293","run2",47,"(A) non-prisoner-facing staff",4.77461147099301
"294","run2",47,"(B) prisoner-facing staff",24.8676058412226
"295","run2",48,"(A) non-prisoner-facing staff",6.07805297431139
"296","run2",48,"(B) prisoner-facing staff",31.6628923853718
"297","run2",49,"(A) non-prisoner-facing staff",6.01381505165495
"298","run2",49,"(B) prisoner-facing staff",32.8207425066819
"299","run2",50,"(A) non-prisoner-facing staff",5.20817959945582
"300","run2",50,"(B) prisoner-facing staff",28.0203840838664
"301","run2",51,"(A) non-prisoner-facing staff",4.36772554121774
"302","run2",51,"(B) prisoner-facing staff",26.3764947594222
"303","run2",52,"(A) non-prisoner-facing staff",4.48669570364841
"304","run2",52,"(B) prisoner-facing staff",25.0041636993822
"305","run2",53,"(A) non-prisoner-facing staff",4.3336749596453
"306","run2",53,"(B) prisoner-facing staff",24.4980512606989
"307","run2",54,"(A) non-prisoner-facing staff",3.99575850229867
"308","run2",54,"(B) prisoner-facing staff",24.6778511118957
"309","run2",55,"(A) non-prisoner-facing staff",5.78989316949588
"310","run2",55,"(B) prisoner-facing staff",29.5096848567667
"311","run2",56,"(A) non-prisoner-facing staff",4.78132165094015
"312","run2",56,"(B) prisoner-facing staff",24.8134954534554
"313","run2",57,"(A) non-prisoner-facing staff",4.66123296784456
"314","run2",57,"(B) prisoner-facing staff",25.1409941276708
"315","run2",58,"(A) non-prisoner-facing staff",3.80381004474228
"316","run2",58,"(B) prisoner-facing staff",22.2512682248558
"317","run2",59,"(A) non-prisoner-facing staff",4.39942656450383
"318","run2",59,"(B) prisoner-facing staff",24.4832542589799
"319","run2",60,"(A) non-prisoner-facing staff",5.22136686585144
"320","run2",60,"(B) prisoner-facing staff",29.4345026383998
"321","run2",61,"(A) non-prisoner-facing staff",4.23186678897775
"322","run2",61,"(B) prisoner-facing staff",24.0563921976678
"323","run2",62,"(A) non-prisoner-facing staff",6.10398266183491
"324","run2",62,"(B) prisoner-facing staff",33.7882970993339
"325","run2",63,"(A) non-prisoner-facing staff",6.06932054084561
"326","run2",63,"(B) prisoner-facing staff",31.1921593654285
"327","run2",64,"(A) non-prisoner-facing staff",3.67334876002451
"328","run2",64,"(B) prisoner-facing staff",26.138773609032
"329","run2",65,"(A) non-prisoner-facing staff",4.57474166776677
"330","run2",65,"(B) prisoner-facing staff",26.5669390618638
"331","run2",66,"(A) non-prisoner-facing staff",4.6939286947511
"332","run2",66,"(B) prisoner-facing staff",24.6379951008919
"333","run2",67,"(A) non-prisoner-facing staff",4.65637827644458
"334","run2",67,"(B) prisoner-facing staff",25.9189568092376
"335","run2",68,"(A) non-prisoner-facing staff",4.85025813805696
"336","run2",68,"(B) prisoner-facing staff",30.2400759788704
"337","run2",69,"(A) non-prisoner-facing staff",4.32330381666295
"338","run2",69,"(B) prisoner-facing staff",24.7943630435033
"339","run2",70,"(A) non-prisoner-facing staff",4.4017972467575
"340","run2",70,"(B) prisoner-facing staff",25.9081031509519
"341","run2",71,"(A) non-prisoner-facing staff",4.90485428139646
"342","run2",71,"(B) prisoner-facing staff",28.5971881380585
"343","run2",72,"(A) non-prisoner-facing staff",4.52501361509647
"344","run2",72,"(B) prisoner-facing staff",24.9762286297909
"345","run2",73,"(A) non-prisoner-facing staff",5.04759007702768
"346","run2",73,"(B) prisoner-facing staff",29.9036969679429
"347","run2",74,"(A) non-prisoner-facing staff",5.11102220287683
"348","run2",74,"(B) prisoner-facing staff",28.5187549604541
"349","run2",75,"(A) non-prisoner-facing staff",3.92508789942378
"350","run2",75,"(B) prisoner-facing staff",23.3204236532756
"351","run2",76,"(A) non-prisoner-facing staff",5.33550512735691
"352","run2",76,"(B) prisoner-facing staff",28.5619582675341
"353","run2",77,"(A) non-prisoner-facing staff",4.65271684652264
"354","run2",77,"(B) prisoner-facing staff",26.4408185736618
"355","run2",78,"(A) non-prisoner-facing staff",4.56249882437721
"356","run2",78,"(B) prisoner-facing staff",25.6546835408433
"357","run2",79,"(A) non-prisoner-facing staff",4.83224021727551
"358","run2",79,"(B) prisoner-facing staff",25.38084854133
"359","run2",80,"(A) non-prisoner-facing staff",3.58609327388302
"360","run2",80,"(B) prisoner-facing staff",24.7051619039262
"361","run2",81,"(A) non-prisoner-facing staff",5.59479081835092
"362","run2",81,"(B) prisoner-facing staff",33.3835413535532
"363","run2",82,"(A) non-prisoner-facing staff",5.13335122488661
"364","run2",82,"(B) prisoner-facing staff",27.9115287282307
"365","run2",83,"(A) non-prisoner-facing staff",3.76134284769769
"366","run2",83,"(B) prisoner-facing staff",24.2201918634418
"367","run2",84,"(A) non-prisoner-facing staff",4.67145245834464
"368","run2",84,"(B) prisoner-facing staff",28.046131184988
"369","run2",85,"(A) non-prisoner-facing staff",4.49122745737299
"370","run2",85,"(B) prisoner-facing staff",26.7797780980114
"371","run2",86,"(A) non-prisoner-facing staff",4.22420010250074
"372","run2",86,"(B) prisoner-facing staff",24.8730374436776
"373","run2",87,"(A) non-prisoner-facing staff",3.94271523955005
"374","run2",87,"(B) prisoner-facing staff",24.6461615695796
"375","run2",88,"(A) non-prisoner-facing staff",4.94057785040243
"376","run2",88,"(B) prisoner-facing staff",29.7997681007568
"377","run2",89,"(A) non-prisoner-facing staff",5.18350926506041
"378","run2",89,"(B) prisoner-facing staff",27.6301807730353
"379","run2",90,"(A) non-prisoner-facing staff",4.77733246637728
"380","run2",90,"(B) prisoner-facing staff",25.2940071210034
"381","run2",91,"(A) non-prisoner-facing staff",3.44547329068164
"382","run2",91,"(B) prisoner-facing staff",23.394224693162
"383","run2",92,"(A) non-prisoner-facing staff",4.71104395066162
"384","run2",92,"(B) prisoner-facing staff",27.1557186845038
"385","run2",93,"(A) non-prisoner-facing staff",5.7524003726122
"386","run2",93,"(B) prisoner-facing staff",31.4807899777624
"387","run2",94,"(A) non-prisoner-facing staff",4.14832106574246
"388","run2",94,"(B) prisoner-facing staff",23.2887483871858
"389","run2",95,"(A) non-prisoner-facing staff",5.07047428562045
"390","run2",95,"(B) prisoner-facing staff",26.344428662617
"391","run2",96,"(A) non-prisoner-facing staff",5.63878370381371
"392","run2",96,"(B) prisoner-facing staff",29.9047662157895
"393","run2",97,"(A) non-prisoner-facing staff",5.39292462593882
"394","run2",97,"(B) prisoner-facing staff",30.8430157183604
"395","run2",98,"(A) non-prisoner-facing staff",4.60548164583908
"396","run2",98,"(B) prisoner-facing staff",25.8448887293892
"397","run2",99,"(A) non-prisoner-facing staff",5.41179841598814
"398","run2",99,"(B) prisoner-facing staff",30.372141528233
"399","run2",100,"(A) non-prisoner-facing staff",3.91830979666618
"400","run2",100,"(B) prisoner-facing staff",22.8989974708163
"401","run3",1,"(A) non-prisoner-facing staff",5.70166101395371
"402","run3",1,"(B) prisoner-facing staff",25.4550549442728
"403","run3",2,"(A) non-prisoner-facing staff",5.56911515740907
"404","run3",2,"(B) prisoner-facing staff",26.2095860863186
"405","run3",3,"(A) non-prisoner-facing staff",6.16258860052288
"406","run3",3,"(B) prisoner-facing staff",26.7441353967479
"407","run3",4,"(A) non-prisoner-facing staff",5.68027889978722
"408","run3",4,"(B) prisoner-facing staff",24.6600745361363
"409","run3",5,"(A) non-prisoner-facing staff",5.33873092816633
"410","run3",5,"(B) prisoner-facing staff",21.528799389188
"411","run3",6,"(A) non-prisoner-facing staff",5.6420666766729
"412","run3",6,"(B) prisoner-facing staff",23.0818422731418
"413","run3",7,"(A) non-prisoner-facing staff",6.47354361153149
"414","run3",7,"(B) prisoner-facing staff",28.3092436777361
"415","run3",8,"(A) non-prisoner-facing staff",5.72883735411892
"416","run3",8,"(B) prisoner-facing staff",24.497202129231
"417","run3",9,"(A) non-prisoner-facing staff",4.90179989596317
"418","run3",9,"(B) prisoner-facing staff",20.9194974567647
"419","run3",10,"(A) non-prisoner-facing staff",5.6725315079821
"420","run3",10,"(B) prisoner-facing staff",20.409554396928
"421","run3",11,"(A) non-prisoner-facing staff",5.33257552251621
"422","run3",11,"(B) prisoner-facing staff",21.8722817934612
"423","run3",12,"(A) non-prisoner-facing staff",5.66504371093746
"424","run3",12,"(B) prisoner-facing staff",25.0679918837284
"425","run3",13,"(A) non-prisoner-facing staff",5.83032577837984
"426","run3",13,"(B) prisoner-facing staff",23.4302035863748
"427","run3",14,"(A) non-prisoner-facing staff",5.25287257574747
"428","run3",14,"(B) prisoner-facing staff",20.7946448564113
"429","run3",15,"(A) non-prisoner-facing staff",5.7512399230351
"430","run3",15,"(B) prisoner-facing staff",25.8214319862958
"431","run3",16,"(A) non-prisoner-facing staff",5.13816767874263
"432","run3",16,"(B) prisoner-facing staff",21.4785491873264
"433","run3",17,"(A) non-prisoner-facing staff",5.44673649436087
"434","run3",17,"(B) prisoner-facing staff",21.3999689309013
"435","run3",18,"(A) non-prisoner-facing staff",5.22121489062232
"436","run3",18,"(B) prisoner-facing staff",24.8926432839376
"437","run3",19,"(A) non-prisoner-facing staff",5.19655821289814
"438","run3",19,"(B) prisoner-facing staff",20.4092199942816
"439","run3",20,"(A) non-prisoner-facing staff",5.33830400508535
"440","run3",20,"(B) prisoner-facing staff",23.9714899011717
"441","run3",21,"(A) non-prisoner-facing staff",4.63388048991156
"442","run3",21,"(B) prisoner-facing staff",20.2231506631136
"443","run3",22,"(A) non-prisoner-facing staff",5.27099374040984
"444","run3",22,"(B) prisoner-facing staff",23.5939663170963
"445","run3",23,"(A) non-prisoner-facing staff",4.92325519048384
"446","run3",23,"(B) prisoner-facing staff",23.1596623781414
"447","run3",24,"(A) non-prisoner-facing staff",4.90819444802964
"448","run3",24,"(B) prisoner-facing staff",18.9903747221458
"449","run3",25,"(A) non-prisoner-facing staff",6.38831531445977
"450","run3",25,"(B) prisoner-facing staff",25.7156688992774
"451","run3",26,"(A) non-prisoner-facing staff",5.41145461221636
"452","run3",26,"(B) prisoner-facing staff",25.2534159829045
"453","run3",27,"(A) non-prisoner-facing staff",4.80627289891933
"454","run3",27,"(B) prisoner-facing staff",20.4510048280732
"455","run3",28,"(A) non-prisoner-facing staff",4.91851219579754
"456","run3",28,"(B) prisoner-facing staff",21.5078576526175
"457","run3",29,"(A) non-prisoner-facing staff",6.56543930913853
"458","run3",29,"(B) prisoner-facing staff",30.6763117741655
"459","run3",30,"(A) non-prisoner-facing staff",5.0737868586286
"460","run3",30,"(B) prisoner-facing staff",18.5335161138479
"461","run3",31,"(A) non-prisoner-facing staff",6.60324454227075
"462","run3",31,"(B) prisoner-facing staff",29.6018374845175
"463","run3",32,"(A) non-prisoner-facing staff",5.22131849629934
"464","run3",32,"(B) prisoner-facing staff",19.8626741004679
"465","run3",33,"(A) non-prisoner-facing staff",4.84031155516203
"466","run3",33,"(B) prisoner-facing staff",20.343012878869
"467","run3",34,"(A) non-prisoner-facing staff",5.55843147866779
"468","run3",34,"(B) prisoner-facing staff",22.2477680171924
"469","run3",35,"(A) non-prisoner-facing staff",4.98002168145699
"470","run3",35,"(B) prisoner-facing staff",21.4790643231358
"471","run3",36,"(A) non-prisoner-facing staff",5.22659426799609
"472","run3",36,"(B) prisoner-facing staff",21.5691479604113
"473","run3",37,"(A) non-prisoner-facing staff",5.216267150737
"474","run3",37,"(B) prisoner-facing staff",22.295150817497
"475","run3",38,"(A) non-prisoner-facing staff",5.11024536175752
"476","run3",38,"(B) prisoner-facing staff",23.6984397805637
"477","run3",39,"(A) non-prisoner-facing staff",5.12486756582244
"478","run3",39,"(B) prisoner-facing staff",21.918724729384
"479","run3",40,"(A) non-prisoner-facing staff",4.54644227491223
"480","run3",40,"(B) prisoner-facing staff",20.4292169926724
"481","run3",41,"(A) non-prisoner-facing staff",5.2022738554541
"482","run3",41,"(B) prisoner-facing staff",21.5323371271187
"483","run3",42,"(A) non-prisoner-facing staff",6.13834525568487
"484","run3",42,"(B) prisoner-facing staff",26.3978520165537
"485","run3",43,"(A) non-prisoner-facing staff",5.13086126809194
"486","run3",43,"(B) prisoner-facing staff",21.9762855854108
"487","run3",44,"(A) non-prisoner-facing staff",4.86458232584537
"488","run3",44,"(B) prisoner-facing staff",22.0369423161062
"489","run3",45,"(A) non-prisoner-facing staff",4.89815983808834
"490","run3",45,"(B) prisoner-facing staff",23.0794753347431
"491","run3",46,"(A) non-prisoner-facing staff",5.09166835811653
"492","run3",46,"(B) prisoner-facing staff",22.0906502783606
"493","run3",47,"(A) non-prisoner-facing staff",5.01045054673149
"494","run3",47,"(B) prisoner-facing staff",23.5398761368976
"495","run3",48,"(A) non-prisoner-facing staff",6.34118896294566
"496","run3",48,"(B) prisoner-facing staff",30.012175576117
"497","run3",49,"(A) non-prisoner-facing staff",6.71368659745577
"498","run3",49,"(B) prisoner-facing staff",29.4339453533726
"499","run3",50,"(A) non-prisoner-facing staff",5.55468401186594
"500","run3",50,"(B) prisoner-facing staff",26.2266590000895
"501","run3",51,"(A) non-prisoner-facing staff",5.38739702168298
"502","run3",51,"(B) prisoner-facing staff",20.9096021326125
"503","run3",52,"(A) non-prisoner-facing staff",4.9978548964609
"504","run3",52,"(B) prisoner-facing staff",21.1030118836567
"505","run3",53,"(A) non-prisoner-facing staff",4.79490971201183
"506","run3",53,"(B) prisoner-facing staff",21.9691729523343
"507","run3",54,"(A) non-prisoner-facing staff",5.01354384708926
"508","run3",54,"(B) prisoner-facing staff",19.6950863350944
"509","run3",55,"(A) non-prisoner-facing staff",6.03613904245451
"510","run3",55,"(B) prisoner-facing staff",28.1438496620634
"511","run3",56,"(A) non-prisoner-facing staff",5.05848784197249
"512","run3",56,"(B) prisoner-facing staff",23.6406835353414
"513","run3",57,"(A) non-prisoner-facing staff",5.13324028547791
"514","run3",57,"(B) prisoner-facing staff",23.0722462444304
"515","run3",58,"(A) non-prisoner-facing staff",4.53434669608771
"516","run3",58,"(B) prisoner-facing staff",18.6802907345544
"517","run3",59,"(A) non-prisoner-facing staff",4.99712372112052
"518","run3",59,"(B) prisoner-facing staff",21.6054658185252
"519","run3",60,"(A) non-prisoner-facing staff",6.02920188901119
"520","run3",60,"(B) prisoner-facing staff",25.7547770588613
"521","run3",61,"(A) non-prisoner-facing staff",4.9103944050098
"522","run3",61,"(B) prisoner-facing staff",21.4898390218231
"523","run3",62,"(A) non-prisoner-facing staff",6.69586085465168
"524","run3",62,"(B) prisoner-facing staff",30.308337217347
"525","run3",63,"(A) non-prisoner-facing staff",6.35949533214053
"526","run3",63,"(B) prisoner-facing staff",29.7366809573472
"527","run3",64,"(A) non-prisoner-facing staff",5.3477134252915
"528","run3",64,"(B) prisoner-facing staff",19.6302365827355
"529","run3",65,"(A) non-prisoner-facing staff",5.44400048612129
"530","run3",65,"(B) prisoner-facing staff",23.0778655707124
"531","run3",66,"(A) non-prisoner-facing staff",5.03998253933832
"532","run3",66,"(B) prisoner-facing staff",22.9430174427319
"533","run3",67,"(A) non-prisoner-facing staff",5.25299688340085
"534","run3",67,"(B) prisoner-facing staff",23.557274758232
"535","run3",68,"(A) non-prisoner-facing staff",6.21329927664686
"536","run3",68,"(B) prisoner-facing staff",22.7027462675164
"537","run3",69,"(A) non-prisoner-facing staff",5.02897312479373
"538","run3",69,"(B) prisoner-facing staff",20.4751354107008
"539","run3",70,"(A) non-prisoner-facing staff",5.14387167917558
"540","run3",70,"(B) prisoner-facing staff",22.8249369826359
"541","run3",71,"(A) non-prisoner-facing staff",5.84527231062606
"542","run3",71,"(B) prisoner-facing staff",24.8324271010274
"543","run3",72,"(A) non-prisoner-facing staff",5.08227319825736
"544","run3",72,"(B) prisoner-facing staff",22.4936632132678
"545","run3",73,"(A) non-prisoner-facing staff",6.14032027079638
"546","run3",73,"(B) prisoner-facing staff",24.6729051865925
"547","run3",74,"(A) non-prisoner-facing staff",5.84352722404059
"548","run3",74,"(B) prisoner-facing staff",25.148507738322
"549","run3",75,"(A) non-prisoner-facing staff",4.75178292823942
"550","run3",75,"(B) prisoner-facing staff",20.1040521968389
"551","run3",76,"(A) non-prisoner-facing staff",5.8516737938427
"552","run3",76,"(B) prisoner-facing staff",25.6408411174081
"553","run3",77,"(A) non-prisoner-facing staff",5.43295350166842
"554","run3",77,"(B) prisoner-facing staff",21.4729658568815
"555","run3",78,"(A) non-prisoner-facing staff",5.08702105940506
"556","run3",78,"(B) prisoner-facing staff",22.1881801169796
"557","run3",79,"(A) non-prisoner-facing staff",5.14468574092004
"558","run3",79,"(B) prisoner-facing staff",23.1667436606606
"559","run3",80,"(A) non-prisoner-facing staff",4.9794996096276
"560","run3",80,"(B) prisoner-facing staff",18.2282203675612
"561","run3",81,"(A) non-prisoner-facing staff",6.63074639303192
"562","run3",81,"(B) prisoner-facing staff",28.3038759370496
"563","run3",82,"(A) non-prisoner-facing staff",5.70925483067118
"564","run3",82,"(B) prisoner-facing staff",25.52466960674
"565","run3",83,"(A) non-prisoner-facing staff",4.9912788744101
"566","run3",83,"(B) prisoner-facing staff",17.249820954136
"567","run3",84,"(A) non-prisoner-facing staff",5.73122676408769
"568","run3",84,"(B) prisoner-facing staff",22.895940081152
"569","run3",85,"(A) non-prisoner-facing staff",5.47825118458406
"570","run3",85,"(B) prisoner-facing staff",21.1459329915554
"571","run3",86,"(A) non-prisoner-facing staff",5.0813653687837
"572","run3",86,"(B) prisoner-facing staff",20.0618096333913
"573","run3",87,"(A) non-prisoner-facing staff",4.63678524679538
"574","run3",87,"(B) prisoner-facing staff",21.0916521516426
"575","run3",88,"(A) non-prisoner-facing staff",5.92626360427664
"576","run3",88,"(B) prisoner-facing staff",25.7100536568201
"577","run3",89,"(A) non-prisoner-facing staff",5.6781003475084
"578","run3",89,"(B) prisoner-facing staff",24.817061584173
"579","run3",90,"(A) non-prisoner-facing staff",5.17178284470681
"580","run3",90,"(B) prisoner-facing staff",23.6037209204168
"581","run3",91,"(A) non-prisoner-facing staff",4.76780025746771
"582","run3",91,"(B) prisoner-facing staff",18.5986835536152
"583","run3",92,"(A) non-prisoner-facing staff",5.24770093810313
"584","run3",92,"(B) prisoner-facing staff",24.8571642029004
"585","run3",93,"(A) non-prisoner-facing staff",6.45571706481363
"586","run3",93,"(B) prisoner-facing staff",28.5185913201771
"587","run3",94,"(A) non-prisoner-facing staff",4.75842235112437
"588","run3",94,"(B) prisoner-facing staff",20.9011660124471
"589","run3",95,"(A) non-prisoner-facing staff",5.11809267214397
"590","run3",95,"(B) prisoner-facing staff",25.2727264526639
"591","run3",96,"(A) non-prisoner-facing staff",6.04366609040843
"592","run3",96,"(B) prisoner-facing staff",27.2298326892219
"593","run3",97,"(A) non-prisoner-facing staff",6.14468612014957
"594","run3",97,"(B) prisoner-facing staff",27.2053584843534
"595","run3",98,"(A) non-prisoner-facing staff",5.25531135426618
"596","run3",98,"(B) prisoner-facing staff",22.8644216068181
"597","run3",99,"(A) non-prisoner-facing staff",5.91269332212601
"598","run3",99,"(B) prisoner-facing staff",27.9921206794667
"599","run3",100,"(A) non-prisoner-facing staff",4.5095079944619
"600","run3",100,"(B) prisoner-facing staff",20.0625678233262
"601","run4",1,"(A) non-prisoner-facing staff",5.21646612826412
"602","run4",1,"(B) prisoner-facing staff",25.480804792273
"603","run4",2,"(A) non-prisoner-facing staff",5.32969132872717
"604","run4",2,"(B) prisoner-facing staff",26.2661967171415
"605","run4",3,"(A) non-prisoner-facing staff",5.4898830728473
"606","run4",3,"(B) prisoner-facing staff",26.7275718307959
"607","run4",4,"(A) non-prisoner-facing staff",5.06996237766657
"608","run4",4,"(B) prisoner-facing staff",24.6602241043209
"609","run4",5,"(A) non-prisoner-facing staff",4.40105737675383
"610","run4",5,"(B) prisoner-facing staff",21.7410409992045
"611","run4",6,"(A) non-prisoner-facing staff",4.74436860113414
"612","run4",6,"(B) prisoner-facing staff",23.0448559868201
"613","run4",7,"(A) non-prisoner-facing staff",5.72258634997674
"614","run4",7,"(B) prisoner-facing staff",28.3301950391609
"615","run4",8,"(A) non-prisoner-facing staff",4.67234440542339
"616","run4",8,"(B) prisoner-facing staff",24.6648921544736
"617","run4",9,"(A) non-prisoner-facing staff",4.43738237741913
"618","run4",9,"(B) prisoner-facing staff",21.1159061622423
"619","run4",10,"(A) non-prisoner-facing staff",4.11720960404592
"620","run4",10,"(B) prisoner-facing staff",20.455439782247
"621","run4",11,"(A) non-prisoner-facing staff",4.21554637216953
"622","run4",11,"(B) prisoner-facing staff",21.9212852907391
"623","run4",12,"(A) non-prisoner-facing staff",5.22606140833623
"624","run4",12,"(B) prisoner-facing staff",25.113370613562
"625","run4",13,"(A) non-prisoner-facing staff",4.88619134172883
"626","run4",13,"(B) prisoner-facing staff",23.7212261809377
"627","run4",14,"(A) non-prisoner-facing staff",4.41297380556919
"628","run4",14,"(B) prisoner-facing staff",21.1556151569554
"629","run4",15,"(A) non-prisoner-facing staff",5.19112952610987
"630","run4",15,"(B) prisoner-facing staff",25.7861483863119
"631","run4",16,"(A) non-prisoner-facing staff",4.43014669171265
"632","run4",16,"(B) prisoner-facing staff",21.4278032293677
"633","run4",17,"(A) non-prisoner-facing staff",4.43434232265339
"634","run4",17,"(B) prisoner-facing staff",21.4930261442688
"635","run4",18,"(A) non-prisoner-facing staff",4.76145692367847
"636","run4",18,"(B) prisoner-facing staff",24.9010364418645
"637","run4",19,"(A) non-prisoner-facing staff",4.00485508885358
"638","run4",19,"(B) prisoner-facing staff",20.2668371994318
"639","run4",20,"(A) non-prisoner-facing staff",4.86184795616964
"640","run4",20,"(B) prisoner-facing staff",24.0114582385581
"641","run4",21,"(A) non-prisoner-facing staff",4.01942281995401
"642","run4",21,"(B) prisoner-facing staff",20.1451842309999
"643","run4",22,"(A) non-prisoner-facing staff",4.76204241807224
"644","run4",22,"(B) prisoner-facing staff",23.5573012354317
"645","run4",23,"(A) non-prisoner-facing staff",4.67466472805753
"646","run4",23,"(B) prisoner-facing staff",23.0667088047732
"647","run4",24,"(A) non-prisoner-facing staff",4.00006241772295
"648","run4",24,"(B) prisoner-facing staff",19.1291882939575
"649","run4",25,"(A) non-prisoner-facing staff",5.30338828758155
"650","run4",25,"(B) prisoner-facing staff",25.4084345413024
"651","run4",26,"(A) non-prisoner-facing staff",5.06907610285667
"652","run4",26,"(B) prisoner-facing staff",25.2954449392763
"653","run4",27,"(A) non-prisoner-facing staff",3.67063110982365
"654","run4",27,"(B) prisoner-facing staff",20.5369148551325
"655","run4",28,"(A) non-prisoner-facing staff",4.28489411501927
"656","run4",28,"(B) prisoner-facing staff",21.5506434475562
"657","run4",29,"(A) non-prisoner-facing staff",6.35772364991936
"658","run4",29,"(B) prisoner-facing staff",30.7872266359036
"659","run4",30,"(A) non-prisoner-facing staff",3.79219445250114
"660","run4",30,"(B) prisoner-facing staff",18.3650393033675
"661","run4",31,"(A) non-prisoner-facing staff",5.96525255828357
"662","run4",31,"(B) prisoner-facing staff",29.50609687521
"663","run4",32,"(A) non-prisoner-facing staff",4.01411866074704
"664","run4",32,"(B) prisoner-facing staff",19.9759406377533
"665","run4",33,"(A) non-prisoner-facing staff",4.02081192623671
"666","run4",33,"(B) prisoner-facing staff",20.3262118545015
"667","run4",34,"(A) non-prisoner-facing staff",4.66241231652696
"668","run4",34,"(B) prisoner-facing staff",22.4096317490069
"669","run4",35,"(A) non-prisoner-facing staff",4.05883740592532
"670","run4",35,"(B) prisoner-facing staff",21.4185153894344
"671","run4",36,"(A) non-prisoner-facing staff",4.3597576252322
"672","run4",36,"(B) prisoner-facing staff",21.5661011349339
"673","run4",37,"(A) non-prisoner-facing staff",4.52680466364671
"674","run4",37,"(B) prisoner-facing staff",22.1320408282774
"675","run4",38,"(A) non-prisoner-facing staff",4.83614644056338
"676","run4",38,"(B) prisoner-facing staff",23.7102482468487
"677","run4",39,"(A) non-prisoner-facing staff",4.30866224906012
"678","run4",39,"(B) prisoner-facing staff",22.0234657046711
"679","run4",40,"(A) non-prisoner-facing staff",4.21181571097956
"680","run4",40,"(B) prisoner-facing staff",20.5345337072095
"681","run4",41,"(A) non-prisoner-facing staff",4.29998914804889
"682","run4",41,"(B) prisoner-facing staff",21.6317888253686
"683","run4",42,"(A) non-prisoner-facing staff",5.42436868538837
"684","run4",42,"(B) prisoner-facing staff",26.5918882816203
"685","run4",43,"(A) non-prisoner-facing staff",4.45937943715631
"686","run4",43,"(B) prisoner-facing staff",22.0055829989804
"687","run4",44,"(A) non-prisoner-facing staff",4.25343591242787
"688","run4",44,"(B) prisoner-facing staff",22.0266096537418
"689","run4",45,"(A) non-prisoner-facing staff",4.30479458856577
"690","run4",45,"(B) prisoner-facing staff",23.0649326411979
"691","run4",46,"(A) non-prisoner-facing staff",4.61451045742829
"692","run4",46,"(B) prisoner-facing staff",22.3327785465384
"693","run4",47,"(A) non-prisoner-facing staff",4.73189244214227
"694","run4",47,"(B) prisoner-facing staff",23.6555285697879
"695","run4",48,"(A) non-prisoner-facing staff",6.0173866776041
"696","run4",48,"(B) prisoner-facing staff",30.0194329674011
"697","run4",49,"(A) non-prisoner-facing staff",6.12081496395885
"698","run4",49,"(B) prisoner-facing staff",29.3641799034132
"699","run4",50,"(A) non-prisoner-facing staff",5.19494693394989
"700","run4",50,"(B) prisoner-facing staff",26.3623617954964
"701","run4",51,"(A) non-prisoner-facing staff",4.08120512331619
"702","run4",51,"(B) prisoner-facing staff",20.7037000652589
"703","run4",52,"(A) non-prisoner-facing staff",4.175436182402
"704","run4",52,"(B) prisoner-facing staff",20.9374207064451
"705","run4",53,"(A) non-prisoner-facing staff",4.28888001404981
"706","run4",53,"(B) prisoner-facing staff",21.8690666742966
"707","run4",54,"(A) non-prisoner-facing staff",3.69599893053548
"708","run4",54,"(B) prisoner-facing staff",19.3594779895754
"709","run4",55,"(A) non-prisoner-facing staff",5.81004743692676
"710","run4",55,"(B) prisoner-facing staff",28.165808346782
"711","run4",56,"(A) non-prisoner-facing staff",4.81703648832707
"712","run4",56,"(B) prisoner-facing staff",23.5735811876296
"713","run4",57,"(A) non-prisoner-facing staff",4.74418652989867
"714","run4",57,"(B) prisoner-facing staff",23.1542076473674
"715","run4",58,"(A) non-prisoner-facing staff",3.77388035673251
"716","run4",58,"(B) prisoner-facing staff",18.655950941647
"717","run4",59,"(A) non-prisoner-facing staff",4.44677154335977
"718","run4",59,"(B) prisoner-facing staff",21.7440301248238
"719","run4",60,"(A) non-prisoner-facing staff",5.26650044813639
"720","run4",60,"(B) prisoner-facing staff",25.6717926437024
"721","run4",61,"(A) non-prisoner-facing staff",4.34667059278498
"722","run4",61,"(B) prisoner-facing staff",21.586129984119
"723","run4",62,"(A) non-prisoner-facing staff",5.89416573094534
"724","run4",62,"(B) prisoner-facing staff",29.894634900357
"725","run4",63,"(A) non-prisoner-facing staff",6.0530321971768
"726","run4",63,"(B) prisoner-facing staff",29.6705844174719
"727","run4",64,"(A) non-prisoner-facing staff",3.88717262978089
"728","run4",64,"(B) prisoner-facing staff",19.6101262228259
"729","run4",65,"(A) non-prisoner-facing staff",4.78689006740572
"730","run4",65,"(B) prisoner-facing staff",22.9742753957671
"731","run4",66,"(A) non-prisoner-facing staff",4.64704718548778
"732","run4",66,"(B) prisoner-facing staff",22.9138136643863
"733","run4",67,"(A) non-prisoner-facing staff",4.74556188036085
"734","run4",67,"(B) prisoner-facing staff",23.521440086636
"735","run4",68,"(A) non-prisoner-facing staff",4.59465113251938
"736","run4",68,"(B) prisoner-facing staff",22.5386694612328
"737","run4",69,"(A) non-prisoner-facing staff",4.1924084859773
"738","run4",69,"(B) prisoner-facing staff",20.5199801708716
"739","run4",70,"(A) non-prisoner-facing staff",4.50713127959136
"740","run4",70,"(B) prisoner-facing staff",22.8824000074682
"741","run4",71,"(A) non-prisoner-facing staff",5.10890527658801
"742","run4",71,"(B) prisoner-facing staff",24.8724496052782
"743","run4",72,"(A) non-prisoner-facing staff",4.45729209289473
"744","run4",72,"(B) prisoner-facing staff",22.4505190932415
"745","run4",73,"(A) non-prisoner-facing staff",5.15775235243149
"746","run4",73,"(B) prisoner-facing staff",24.7827064068958
"747","run4",74,"(A) non-prisoner-facing staff",5.17941935582137
"748","run4",74,"(B) prisoner-facing staff",25.292393744014
"749","run4",75,"(A) non-prisoner-facing staff",4.05499542125793
"750","run4",75,"(B) prisoner-facing staff",20.1316398742635
"751","run4",76,"(A) non-prisoner-facing staff",5.34540372024861
"752","run4",76,"(B) prisoner-facing staff",25.7971476892902
"753","run4",77,"(A) non-prisoner-facing staff",4.50173198772884
"754","run4",77,"(B) prisoner-facing staff",21.4751395770441
"755","run4",78,"(A) non-prisoner-facing staff",4.42544334309782
"756","run4",78,"(B) prisoner-facing staff",22.1899336952887
"757","run4",79,"(A) non-prisoner-facing staff",4.77483375598621
"758","run4",79,"(B) prisoner-facing staff",23.267460185067
"759","run4",80,"(A) non-prisoner-facing staff",3.70273843195309
"760","run4",80,"(B) prisoner-facing staff",18.030664995857
"761","run4",81,"(A) non-prisoner-facing staff",5.81770115450254
"762","run4",81,"(B) prisoner-facing staff",28.5477479273333
"763","run4",82,"(A) non-prisoner-facing staff",5.22642859038791
"764","run4",82,"(B) prisoner-facing staff",25.598950953561
"765","run4",83,"(A) non-prisoner-facing staff",3.70780310566577
"766","run4",83,"(B) prisoner-facing staff",17.2084466260425
"767","run4",84,"(A) non-prisoner-facing staff",4.57116497786437
"768","run4",84,"(B) prisoner-facing staff",22.6781811928336
"769","run4",85,"(A) non-prisoner-facing staff",4.30847127936238
"770","run4",85,"(B) prisoner-facing staff",21.0454589466836
"771","run4",86,"(A) non-prisoner-facing staff",4.14180807931223
"772","run4",86,"(B) prisoner-facing staff",20.094948718778
"773","run4",87,"(A) non-prisoner-facing staff",3.98314363627553
"774","run4",87,"(B) prisoner-facing staff",21.1140771000152
"775","run4",88,"(A) non-prisoner-facing staff",5.03550241459922
"776","run4",88,"(B) prisoner-facing staff",25.6871474329822
"777","run4",89,"(A) non-prisoner-facing staff",5.19658898508973
"778","run4",89,"(B) prisoner-facing staff",24.8271201936558
"779","run4",90,"(A) non-prisoner-facing staff",4.8717890869315
"780","run4",90,"(B) prisoner-facing staff",23.7435766452459
"781","run4",91,"(A) non-prisoner-facing staff",3.67989124575997
"782","run4",91,"(B) prisoner-facing staff",18.5239181027665
"783","run4",92,"(A) non-prisoner-facing staff",4.67854900754698
"784","run4",92,"(B) prisoner-facing staff",24.9058303095977
"785","run4",93,"(A) non-prisoner-facing staff",5.92202818057063
"786","run4",93,"(B) prisoner-facing staff",28.6068104130257
"787","run4",94,"(A) non-prisoner-facing staff",4.26939261647255
"788","run4",94,"(B) prisoner-facing staff",20.9913128853278
"789","run4",95,"(A) non-prisoner-facing staff",4.90924100970314
"790","run4",95,"(B) prisoner-facing staff",25.2708714651135
"791","run4",96,"(A) non-prisoner-facing staff",5.46771444158978
"792","run4",96,"(B) prisoner-facing staff",27.0946290102035
"793","run4",97,"(A) non-prisoner-facing staff",5.41867321808539
"794","run4",97,"(B) prisoner-facing staff",27.0356213070733
"795","run4",98,"(A) non-prisoner-facing staff",4.64345523344762
"796","run4",98,"(B) prisoner-facing staff",22.7642234344422
"797","run4",99,"(A) non-prisoner-facing staff",5.4833956421815
"798","run4",99,"(B) prisoner-facing staff",28.0982679239693
"799","run4",100,"(A) non-prisoner-facing staff",4.03972224784658
"800","run4",100,"(B) prisoner-facing staff",20.2670783424225
"801","run5",1,"(A) non-prisoner-facing staff",5.70159448568514
"802","run5",1,"(B) prisoner-facing staff",27.9527608196687
"803","run5",2,"(A) non-prisoner-facing staff",5.56854066480121
"804","run5",2,"(B) prisoner-facing staff",27.5250102069672
"805","run5",3,"(A) non-prisoner-facing staff",6.16381604127314
"806","run5",3,"(B) prisoner-facing staff",30.0834832886902
"807","run5",4,"(A) non-prisoner-facing staff",5.68119758381567
"808","run5",4,"(B) prisoner-facing staff",27.836149005416
"809","run5",5,"(A) non-prisoner-facing staff",5.34385717675713
"810","run5",5,"(B) prisoner-facing staff",25.7904325364404
"811","run5",6,"(A) non-prisoner-facing staff",5.6428542572837
"812","run5",6,"(B) prisoner-facing staff",27.5370435884764
"813","run5",7,"(A) non-prisoner-facing staff",6.47483731562172
"814","run5",7,"(B) prisoner-facing staff",31.6626492655618
"815","run5",8,"(A) non-prisoner-facing staff",5.71454849437058
"816","run5",8,"(B) prisoner-facing staff",28.6400354701546
"817","run5",9,"(A) non-prisoner-facing staff",4.90203610946266
"818","run5",9,"(B) prisoner-facing staff",23.8906140027093
"819","run5",10,"(A) non-prisoner-facing staff",5.67502329849869
"820","run5",10,"(B) prisoner-facing staff",27.6785645185728
"821","run5",11,"(A) non-prisoner-facing staff",5.32229907228371
"822","run5",11,"(B) prisoner-facing staff",26.4558535081968
"823","run5",12,"(A) non-prisoner-facing staff",5.66579259836922
"824","run5",12,"(B) prisoner-facing staff",27.5117255430271
"825","run5",13,"(A) non-prisoner-facing staff",5.83113361795493
"826","run5",13,"(B) prisoner-facing staff",28.332789551997
"827","run5",14,"(A) non-prisoner-facing staff",5.25743935855157
"828","run5",14,"(B) prisoner-facing staff",25.4771392804776
"829","run5",15,"(A) non-prisoner-facing staff",5.75034152612516
"830","run5",15,"(B) prisoner-facing staff",28.2529292230135
"831","run5",16,"(A) non-prisoner-facing staff",5.1386417060728
"832","run5",16,"(B) prisoner-facing staff",25.1201789330761
"833","run5",17,"(A) non-prisoner-facing staff",5.44839748485068
"834","run5",17,"(B) prisoner-facing staff",26.5915258722153
"835","run5",18,"(A) non-prisoner-facing staff",5.21433965564899
"836","run5",18,"(B) prisoner-facing staff",26.2463999423141
"837","run5",19,"(A) non-prisoner-facing staff",5.20096234514476
"838","run5",19,"(B) prisoner-facing staff",25.6707909674826
"839","run5",20,"(A) non-prisoner-facing staff",5.33909660874462
"840","run5",20,"(B) prisoner-facing staff",26.152798699543
"841","run5",21,"(A) non-prisoner-facing staff",4.63441431849227
"842","run5",21,"(B) prisoner-facing staff",22.7516476334913
"843","run5",22,"(A) non-prisoner-facing staff",5.2711581452222
"844","run5",22,"(B) prisoner-facing staff",25.7602997666655
"845","run5",23,"(A) non-prisoner-facing staff",4.92357589324616
"846","run5",23,"(B) prisoner-facing staff",24.2177301457344
"847","run5",24,"(A) non-prisoner-facing staff",4.91065861356444
"848","run5",24,"(B) prisoner-facing staff",23.8906928358982
"849","run5",25,"(A) non-prisoner-facing staff",6.38957801670152
"850","run5",25,"(B) prisoner-facing staff",31.1214519743601
"851","run5",26,"(A) non-prisoner-facing staff",5.41061930421281
"852","run5",26,"(B) prisoner-facing staff",26.5008982764054
"853","run5",27,"(A) non-prisoner-facing staff",4.7919427839331
"854","run5",27,"(B) prisoner-facing staff",23.7958720731359
"855","run5",28,"(A) non-prisoner-facing staff",4.91911734434592
"856","run5",28,"(B) prisoner-facing staff",24.1135557989039
"857","run5",29,"(A) non-prisoner-facing staff",6.56686501092176
"858","run5",29,"(B) prisoner-facing staff",31.9411879308318
"859","run5",30,"(A) non-prisoner-facing staff",5.07483065602904
"860","run5",30,"(B) prisoner-facing staff",24.8044293141958
"861","run5",31,"(A) non-prisoner-facing staff",6.60533730791335
"862","run5",31,"(B) prisoner-facing staff",32.2847765542284
"863","run5",32,"(A) non-prisoner-facing staff",5.22248965754141
"864","run5",32,"(B) prisoner-facing staff",25.5274280482494
"865","run5",33,"(A) non-prisoner-facing staff",4.8439813208975
"866","run5",33,"(B) prisoner-facing staff",23.6183469325454
"867","run5",34,"(A) non-prisoner-facing staff",5.56045880574877
"868","run5",34,"(B) prisoner-facing staff",27.0455455843129
"869","run5",35,"(A) non-prisoner-facing staff",4.96918285732652
"870","run5",35,"(B) prisoner-facing staff",24.4721942528026
"871","run5",36,"(A) non-prisoner-facing staff",5.22636464451171
"872","run5",36,"(B) prisoner-facing staff",25.7110337190457
"873","run5",37,"(A) non-prisoner-facing staff",5.21708923945443
"874","run5",37,"(B) prisoner-facing staff",25.4991323017787
"875","run5",38,"(A) non-prisoner-facing staff",5.11042991817726
"876","run5",38,"(B) prisoner-facing staff",25.0773895713302
"877","run5",39,"(A) non-prisoner-facing staff",5.12018762369971
"878","run5",39,"(B) prisoner-facing staff",25.5183916429092
"879","run5",40,"(A) non-prisoner-facing staff",4.54696411945772
"880","run5",40,"(B) prisoner-facing staff",22.2935869347495
"881","run5",41,"(A) non-prisoner-facing staff",5.19664008856032
"882","run5",41,"(B) prisoner-facing staff",25.7027909795388
"883","run5",42,"(A) non-prisoner-facing staff",6.13898931037422
"884","run5",42,"(B) prisoner-facing staff",30.0562800488074
"885","run5",43,"(A) non-prisoner-facing staff",5.13142222770695
"886","run5",43,"(B) prisoner-facing staff",25.13955461236
"887","run5",44,"(A) non-prisoner-facing staff",4.85753752259319
"888","run5",44,"(B) prisoner-facing staff",24.3196559937297
"889","run5",45,"(A) non-prisoner-facing staff",4.87924195615491
"890","run5",45,"(B) prisoner-facing staff",24.9003639038339
"891","run5",46,"(A) non-prisoner-facing staff",5.09292261085842
"892","run5",46,"(B) prisoner-facing staff",24.8156665268361
"893","run5",47,"(A) non-prisoner-facing staff",5.00942038690414
"894","run5",47,"(B) prisoner-facing staff",24.8064321449747
"895","run5",48,"(A) non-prisoner-facing staff",6.34066712819323
"896","run5",48,"(B) prisoner-facing staff",31.4228589558263
"897","run5",49,"(A) non-prisoner-facing staff",6.71544633571349
"898","run5",49,"(B) prisoner-facing staff",32.7924856161983
"899","run5",50,"(A) non-prisoner-facing staff",5.55110619442241
"900","run5",50,"(B) prisoner-facing staff",27.7446413627909
"901","run5",51,"(A) non-prisoner-facing staff",5.38815309817075
"902","run5",51,"(B) prisoner-facing staff",26.3706610559014
"903","run5",52,"(A) non-prisoner-facing staff",5.00535838520267
"904","run5",52,"(B) prisoner-facing staff",24.4908556341155
"905","run5",53,"(A) non-prisoner-facing staff",4.79242049539897
"906","run5",53,"(B) prisoner-facing staff",24.1401604547155
"907","run5",54,"(A) non-prisoner-facing staff",5.0147853478168
"908","run5",54,"(B) prisoner-facing staff",24.6668346185532
"909","run5",55,"(A) non-prisoner-facing staff",6.03654540594264
"910","run5",55,"(B) prisoner-facing staff",29.5024336610724
"911","run5",56,"(A) non-prisoner-facing staff",5.05869716704082
"912","run5",56,"(B) prisoner-facing staff",24.8108998620166
"913","run5",57,"(A) non-prisoner-facing staff",5.13383199978802
"914","run5",57,"(B) prisoner-facing staff",25.1338820273738
"915","run5",58,"(A) non-prisoner-facing staff",4.53518737627221
"916","run5",58,"(B) prisoner-facing staff",22.2424913039452
"917","run5",59,"(A) non-prisoner-facing staff",4.99762395487445
"918","run5",59,"(B) prisoner-facing staff",24.4771244991432
"919","run5",60,"(A) non-prisoner-facing staff",6.03096377969209
"920","run5",60,"(B) prisoner-facing staff",29.4093168351775
"921","run5",61,"(A) non-prisoner-facing staff",4.91087957067748
"922","run5",61,"(B) prisoner-facing staff",24.054607783097
"923","run5",62,"(A) non-prisoner-facing staff",6.70367091885961
"924","run5",62,"(B) prisoner-facing staff",33.190315635282
"925","run5",63,"(A) non-prisoner-facing staff",6.35983691654945
"926","run5",63,"(B) prisoner-facing staff",31.1866397596917
"927","run5",64,"(A) non-prisoner-facing staff",5.34908634191292
"928","run5",64,"(B) prisoner-facing staff",26.1323496323351
"929","run5",65,"(A) non-prisoner-facing staff",5.44500831891405
"930","run5",65,"(B) prisoner-facing staff",26.5599969783602
"931","run5",66,"(A) non-prisoner-facing staff",5.0402443259631
"932","run5",66,"(B) prisoner-facing staff",24.6350295042013
"933","run5",67,"(A) non-prisoner-facing staff",5.25222397823722
"934","run5",67,"(B) prisoner-facing staff",25.7454502852195
"935","run5",68,"(A) non-prisoner-facing staff",6.22077412491531
"936","run5",68,"(B) prisoner-facing staff",30.0682493571082
"937","run5",69,"(A) non-prisoner-facing staff",5.02921357577703
"938","run5",69,"(B) prisoner-facing staff",24.721875858014
"939","run5",70,"(A) non-prisoner-facing staff",5.13855800575741
"940","run5",70,"(B) prisoner-facing staff",25.5928528084253
"941","run5",71,"(A) non-prisoner-facing staff",5.8461345883762
"942","run5",71,"(B) prisoner-facing staff",28.5938968303878
"943","run5",72,"(A) non-prisoner-facing staff",5.08418188550959
"944","run5",72,"(B) prisoner-facing staff",24.8462535093132
"945","run5",73,"(A) non-prisoner-facing staff",6.14132318317584
"946","run5",73,"(B) prisoner-facing staff",29.8934868215437
"947","run5",74,"(A) non-prisoner-facing staff",5.84422243666947
"948","run5",74,"(B) prisoner-facing staff",28.5134577531827
"949","run5",75,"(A) non-prisoner-facing staff",4.75240994106778
"950","run5",75,"(B) prisoner-facing staff",23.3159902280921
"951","run5",76,"(A) non-prisoner-facing staff",5.85763072169844
"952","run5",76,"(B) prisoner-facing staff",28.3983508062723
"953","run5",77,"(A) non-prisoner-facing staff",5.43656939694169
"954","run5",77,"(B) prisoner-facing staff",26.3833667505346
"955","run5",78,"(A) non-prisoner-facing staff",5.08628629191073
"956","run5",78,"(B) prisoner-facing staff",25.225425664674
"957","run5",79,"(A) non-prisoner-facing staff",5.14529318369701
"958","run5",79,"(B) prisoner-facing staff",25.2031735624301
"959","run5",80,"(A) non-prisoner-facing staff",4.9780149500003
"960","run5",80,"(B) prisoner-facing staff",24.4237225836503
"961","run5",81,"(A) non-prisoner-facing staff",6.63020023646275
"962","run5",81,"(B) prisoner-facing staff",32.6939823357194
"963","run5",82,"(A) non-prisoner-facing staff",5.70972926404885
"964","run5",82,"(B) prisoner-facing staff",27.9086260024233
"965","run5",83,"(A) non-prisoner-facing staff",5.02263291394636
"966","run5",83,"(B) prisoner-facing staff",23.6307421960909
"967","run5",84,"(A) non-prisoner-facing staff",5.7323406378844
"968","run5",84,"(B) prisoner-facing staff",28.0351583698222
"969","run5",85,"(A) non-prisoner-facing staff",5.48032649347797
"970","run5",85,"(B) prisoner-facing staff",26.7520588649969
"971","run5",86,"(A) non-prisoner-facing staff",5.0820990315423
"972","run5",86,"(B) prisoner-facing staff",24.8652737681255
"973","run5",87,"(A) non-prisoner-facing staff",4.63430905982333
"974","run5",87,"(B) prisoner-facing staff",23.7907978457984
"975","run5",88,"(A) non-prisoner-facing staff",5.92507827245969
"976","run5",88,"(B) prisoner-facing staff",29.4939039217417
"977","run5",89,"(A) non-prisoner-facing staff",5.68028880013565
"978","run5",89,"(B) prisoner-facing staff",27.5850305159896
"979","run5",90,"(A) non-prisoner-facing staff",5.17202953995842
"980","run5",90,"(B) prisoner-facing staff",25.2915386200208
"981","run5",91,"(A) non-prisoner-facing staff",4.76919525191424
"982","run5",91,"(B) prisoner-facing staff",23.3848937172848
"983","run5",92,"(A) non-prisoner-facing staff",5.23174220414311
"984","run5",92,"(B) prisoner-facing staff",26.2290634943639
"985","run5",93,"(A) non-prisoner-facing staff",6.45669602966143
"986","run5",93,"(B) prisoner-facing staff",31.4705692809846
"987","run5",94,"(A) non-prisoner-facing staff",4.75929985183926
"988","run5",94,"(B) prisoner-facing staff",23.2803828934815
"989","run5",95,"(A) non-prisoner-facing staff",5.11704741026302
"990","run5",95,"(B) prisoner-facing staff",25.9946900835557
"991","run5",96,"(A) non-prisoner-facing staff",6.04552119188074
"992","run5",96,"(B) prisoner-facing staff",29.6814679464593
"993","run5",97,"(A) non-prisoner-facing staff",6.14761416731976
"994","run5",97,"(B) prisoner-facing staff",30.087428936792
"995","run5",98,"(A) non-prisoner-facing staff",5.25674115956633
"996","run5",98,"(B) prisoner-facing staff",25.747282039669
"997","run5",99,"(A) non-prisoner-facing staff",5.91213578943522
"998","run5",99,"(B) prisoner-facing staff",30.2123223636455
"999","run5",100,"(A) non-prisoner-facing staff",4.50409601991793
"1000","run5",100,"(B) prisoner-facing staff",22.4625793095086
"1001","run6",1,"(A) non-prisoner-facing staff",5.05735419855996
"1002","run6",1,"(B) prisoner-facing staff",23.9138089997681
"1003","run6",2,"(A) non-prisoner-facing staff",5.26687191385698
"1004","run6",2,"(B) prisoner-facing staff",25.3486965253085
"1005","run6",3,"(A) non-prisoner-facing staff",5.38998182583976
"1006","run6",3,"(B) prisoner-facing staff",25.4951808203378
"1007","run6",4,"(A) non-prisoner-facing staff",5.17463031151558
"1008","run6",4,"(B) prisoner-facing staff",24.5344141866396
"1009","run6",5,"(A) non-prisoner-facing staff",4.5769126207797
"1010","run6",5,"(B) prisoner-facing staff",20.7079886652619
"1011","run6",6,"(A) non-prisoner-facing staff",4.95037941180117
"1012","run6",6,"(B) prisoner-facing staff",22.8099081947269
"1013","run6",7,"(A) non-prisoner-facing staff",5.69693079273908
"1014","run6",7,"(B) prisoner-facing staff",27.0839674501008
"1015","run6",8,"(A) non-prisoner-facing staff",4.60103975610066
"1016","run6",8,"(B) prisoner-facing staff",22.2109062345273
"1017","run6",9,"(A) non-prisoner-facing staff",4.40086077561942
"1018","run6",9,"(B) prisoner-facing staff",20.4991276550452
"1019","run6",10,"(A) non-prisoner-facing staff",4.55101351729668
"1020","run6",10,"(B) prisoner-facing staff",20.5145664073461
"1021","run6",11,"(A) non-prisoner-facing staff",4.36811765790307
"1022","run6",11,"(B) prisoner-facing staff",20.9397160729667
"1023","run6",12,"(A) non-prisoner-facing staff",5.23663381773828
"1024","run6",12,"(B) prisoner-facing staff",24.4308452648638
"1025","run6",13,"(A) non-prisoner-facing staff",5.06201720278717
"1026","run6",13,"(B) prisoner-facing staff",23.3105140461095
"1027","run6",14,"(A) non-prisoner-facing staff",4.51605225106907
"1028","run6",14,"(B) prisoner-facing staff",20.219833063347
"1029","run6",15,"(A) non-prisoner-facing staff",5.2551966318642
"1030","run6",15,"(B) prisoner-facing staff",24.8054429734127
"1031","run6",16,"(A) non-prisoner-facing staff",4.52990238461002
"1032","run6",16,"(B) prisoner-facing staff",21.2199497915476
"1033","run6",17,"(A) non-prisoner-facing staff",4.67805186991364
"1034","run6",17,"(B) prisoner-facing staff",21.3439265347215
"1035","run6",18,"(A) non-prisoner-facing staff",4.78582519347047
"1036","run6",18,"(B) prisoner-facing staff",23.9777106904094
"1037","run6",19,"(A) non-prisoner-facing staff",3.65444287571419
"1038","run6",19,"(B) prisoner-facing staff",17.0207701651887
"1039","run6",20,"(A) non-prisoner-facing staff",4.8114388081964
"1040","run6",20,"(B) prisoner-facing staff",22.9903785533332
"1041","run6",21,"(A) non-prisoner-facing staff",4.04745538982045
"1042","run6",21,"(B) prisoner-facing staff",19.3883524941873
"1043","run6",22,"(A) non-prisoner-facing staff",4.59742627235052
"1044","run6",22,"(B) prisoner-facing staff",22.0841513886871
"1045","run6",23,"(A) non-prisoner-facing staff",4.41607875605978
"1046","run6",23,"(B) prisoner-facing staff",21.4043997970953
"1047","run6",24,"(A) non-prisoner-facing staff",3.94683900264961
"1048","run6",24,"(B) prisoner-facing staff",17.9181087175643
"1049","run6",25,"(A) non-prisoner-facing staff",5.25000048056133
"1050","run6",25,"(B) prisoner-facing staff",23.8759637203108
"1051","run6",26,"(A) non-prisoner-facing staff",5.07690174656631
"1052","run6",26,"(B) prisoner-facing staff",24.3038219738281
"1053","run6",27,"(A) non-prisoner-facing staff",3.86863873352016
"1054","run6",27,"(B) prisoner-facing staff",19.1814657785408
"1055","run6",28,"(A) non-prisoner-facing staff",4.29610765478905
"1056","run6",28,"(B) prisoner-facing staff",20.5534355343516
"1057","run6",29,"(A) non-prisoner-facing staff",6.31640332186137
"1058","run6",29,"(B) prisoner-facing staff",30.0772347475941
"1059","run6",30,"(A) non-prisoner-facing staff",4.23431233650854
"1060","run6",30,"(B) prisoner-facing staff",19.5218898817257
"1061","run6",31,"(A) non-prisoner-facing staff",6.00680570113156
"1062","run6",31,"(B) prisoner-facing staff",28.5024902326513
"1063","run6",32,"(A) non-prisoner-facing staff",4.0808718965126
"1064","run6",32,"(B) prisoner-facing staff",18.761354295652
"1065","run6",33,"(A) non-prisoner-facing staff",4.22643490128604
"1066","run6",33,"(B) prisoner-facing staff",20.0259214448222
"1067","run6",34,"(A) non-prisoner-facing staff",4.60409086198817
"1068","run6",34,"(B) prisoner-facing staff",20.9332528109008
"1069","run6",35,"(A) non-prisoner-facing staff",4.33331260040485
"1070","run6",35,"(B) prisoner-facing staff",20.8386002753332
"1071","run6",36,"(A) non-prisoner-facing staff",4.52335316531432
"1072","run6",36,"(B) prisoner-facing staff",21.1894052814903
"1073","run6",37,"(A) non-prisoner-facing staff",4.45582840786674
"1074","run6",37,"(B) prisoner-facing staff",20.81567154129
"1075","run6",38,"(A) non-prisoner-facing staff",4.71091190110497
"1076","run6",38,"(B) prisoner-facing staff",22.8265230113064
"1077","run6",39,"(A) non-prisoner-facing staff",4.30322195666152
"1078","run6",39,"(B) prisoner-facing staff",20.8083644144629
"1079","run6",40,"(A) non-prisoner-facing staff",4.16410512450661
"1080","run6",40,"(B) prisoner-facing staff",19.7676442629509
"1081","run6",41,"(A) non-prisoner-facing staff",4.51456368590588
"1082","run6",41,"(B) prisoner-facing staff",21.247532055335
"1083","run6",42,"(A) non-prisoner-facing staff",5.47884807634327
"1084","run6",42,"(B) prisoner-facing staff",25.7932047117278
"1085","run6",43,"(A) non-prisoner-facing staff",4.32710890533507
"1086","run6",43,"(B) prisoner-facing staff",20.3697993765662
"1087","run6",44,"(A) non-prisoner-facing staff",4.1823087553708
"1088","run6",44,"(B) prisoner-facing staff",20.2335387653951
"1089","run6",45,"(A) non-prisoner-facing staff",4.2427562348716
"1090","run6",45,"(B) prisoner-facing staff",21.460054125592
"1091","run6",46,"(A) non-prisoner-facing staff",4.46577877898735
"1092","run6",46,"(B) prisoner-facing staff",20.8695594245646
"1093","run6",47,"(A) non-prisoner-facing staff",4.61140718143467
"1094","run6",47,"(B) prisoner-facing staff",22.6384092035227
"1095","run6",48,"(A) non-prisoner-facing staff",5.8852450402809
"1096","run6",48,"(B) prisoner-facing staff",28.601275855279
"1097","run6",49,"(A) non-prisoner-facing staff",6.14830586708125
"1098","run6",49,"(B) prisoner-facing staff",28.6588068762588
"1099","run6",50,"(A) non-prisoner-facing staff",4.94870045103075
"1100","run6",50,"(B) prisoner-facing staff",24.1534238392101
"1101","run6",51,"(A) non-prisoner-facing staff",4.53604136986067
"1102","run6",51,"(B) prisoner-facing staff",21.0469199584619
"1103","run6",52,"(A) non-prisoner-facing staff",3.8937523875
"1104","run6",52,"(B) prisoner-facing staff",17.9804094577011
"1105","run6",53,"(A) non-prisoner-facing staff",4.0208789851252
"1106","run6",53,"(B) prisoner-facing staff",19.3819861075947
"1107","run6",54,"(A) non-prisoner-facing staff",3.97468187074996
"1108","run6",54,"(B) prisoner-facing staff",18.7199961624663
"1109","run6",55,"(A) non-prisoner-facing staff",5.66926832980515
"1110","run6",55,"(B) prisoner-facing staff",27.0853116056546
"1111","run6",56,"(A) non-prisoner-facing staff",4.5681216243594
"1112","run6",56,"(B) prisoner-facing staff",22.0053496797029
"1113","run6",57,"(A) non-prisoner-facing staff",4.67569662931916
"1114","run6",57,"(B) prisoner-facing staff",22.2142429578119
"1115","run6",58,"(A) non-prisoner-facing staff",3.86301845727764
"1116","run6",58,"(B) prisoner-facing staff",17.9698601290102
"1117","run6",59,"(A) non-prisoner-facing staff",4.47033433766377
"1118","run6",59,"(B) prisoner-facing staff",21.1616916054666
"1119","run6",60,"(A) non-prisoner-facing staff",5.32324527684707
"1120","run6",60,"(B) prisoner-facing staff",24.7775897585401
"1121","run6",61,"(A) non-prisoner-facing staff",4.33557415528694
"1122","run6",61,"(B) prisoner-facing staff",20.7516764427357
"1123","run6",62,"(A) non-prisoner-facing staff",5.46076800382662
"1124","run6",62,"(B) prisoner-facing staff",25.7386883547253
"1125","run6",63,"(A) non-prisoner-facing staff",5.87115220484987
"1126","run6",63,"(B) prisoner-facing staff",28.2234529550956
"1127","run6",64,"(A) non-prisoner-facing staff",4.32593809570483
"1128","run6",64,"(B) prisoner-facing staff",19.8301518635007
"1129","run6",65,"(A) non-prisoner-facing staff",4.96962299248147
"1130","run6",65,"(B) prisoner-facing staff",22.9841941843104
"1131","run6",66,"(A) non-prisoner-facing staff",4.45378979288682
"1132","run6",66,"(B) prisoner-facing staff",21.4146181690324
"1133","run6",67,"(A) non-prisoner-facing staff",4.77564269699384
"1134","run6",67,"(B) prisoner-facing staff",22.5357417523216
"1135","run6",68,"(A) non-prisoner-facing staff",5.14533209631763
"1136","run6",68,"(B) prisoner-facing staff",23.1682856520225
"1137","run6",69,"(A) non-prisoner-facing staff",4.38128529975488
"1138","run6",69,"(B) prisoner-facing staff",20.7866603224194
"1139","run6",70,"(A) non-prisoner-facing staff",4.48486362716188
"1140","run6",70,"(B) prisoner-facing staff",21.7659285059023
"1141","run6",71,"(A) non-prisoner-facing staff",5.29615562810489
"1142","run6",71,"(B) prisoner-facing staff",25.0385584370097
"1143","run6",72,"(A) non-prisoner-facing staff",4.53655512760521
"1144","run6",72,"(B) prisoner-facing staff",21.7024986651757
"1145","run6",73,"(A) non-prisoner-facing staff",5.22931933624229
"1146","run6",73,"(B) prisoner-facing staff",24.0423950385189
"1147","run6",74,"(A) non-prisoner-facing staff",5.18570806634935
"1148","run6",74,"(B) prisoner-facing staff",24.4377415551466
"1149","run6",75,"(A) non-prisoner-facing staff",3.99284870914179
"1150","run6",75,"(B) prisoner-facing staff",18.8829349436613
"1151","run6",76,"(A) non-prisoner-facing staff",4.99700065776744
"1152","run6",76,"(B) prisoner-facing staff",23.0903236471397
"1153","run6",77,"(A) non-prisoner-facing staff",4.23390045034005
"1154","run6",77,"(B) prisoner-facing staff",18.7269373751307
"1155","run6",78,"(A) non-prisoner-facing staff",4.20508684030404
"1156","run6",78,"(B) prisoner-facing staff",19.7423678074018
"1157","run6",79,"(A) non-prisoner-facing staff",4.71772467396806
"1158","run6",79,"(B) prisoner-facing staff",22.3711536109395
"1159","run6",80,"(A) non-prisoner-facing staff",4.14853965114386
"1160","run6",80,"(B) prisoner-facing staff",19.0328122254662
"1161","run6",81,"(A) non-prisoner-facing staff",5.97879047576908
"1162","run6",81,"(B) prisoner-facing staff",27.9148087590927
"1163","run6",82,"(A) non-prisoner-facing staff",5.17385267177976
"1164","run6",82,"(B) prisoner-facing staff",24.5938168411798
"1165","run6",83,"(A) non-prisoner-facing staff",4.02133052420846
"1166","run6",83,"(B) prisoner-facing staff",16.9968978504904
"1167","run6",84,"(A) non-prisoner-facing staff",4.7091571163954
"1168","run6",84,"(B) prisoner-facing staff",21.9534440225433
"1169","run6",85,"(A) non-prisoner-facing staff",4.67608050468513
"1170","run6",85,"(B) prisoner-facing staff",21.4245577466896
"1171","run6",86,"(A) non-prisoner-facing staff",4.3127855837482
"1172","run6",86,"(B) prisoner-facing staff",19.8458627160243
"1173","run6",87,"(A) non-prisoner-facing staff",4.01977365447548
"1174","run6",87,"(B) prisoner-facing staff",19.8639730455135
"1175","run6",88,"(A) non-prisoner-facing staff",4.96926830171686
"1176","run6",88,"(B) prisoner-facing staff",24.1221318050345
"1177","run6",89,"(A) non-prisoner-facing staff",5.02945619531575
"1178","run6",89,"(B) prisoner-facing staff",23.1690702942197
"1179","run6",90,"(A) non-prisoner-facing staff",4.86779032052769
"1180","run6",90,"(B) prisoner-facing staff",23.3222026050231
"1181","run6",91,"(A) non-prisoner-facing staff",4.00993381387013
"1182","run6",91,"(B) prisoner-facing staff",18.5927904345591
"1183","run6",92,"(A) non-prisoner-facing staff",4.75019871971409
"1184","run6",92,"(B) prisoner-facing staff",23.690902744112
"1185","run6",93,"(A) non-prisoner-facing staff",5.87643267727517
"1186","run6",93,"(B) prisoner-facing staff",27.6715407755225
"1187","run6",94,"(A) non-prisoner-facing staff",4.19954579139225
"1188","run6",94,"(B) prisoner-facing staff",19.7008195576982
"1189","run6",95,"(A) non-prisoner-facing staff",4.52895552607163
"1190","run6",95,"(B) prisoner-facing staff",22.3607274388182
"1191","run6",96,"(A) non-prisoner-facing staff",5.21334735960492
"1192","run6",96,"(B) prisoner-facing staff",24.8506762215453
"1193","run6",97,"(A) non-prisoner-facing staff",5.46607493875663
"1194","run6",97,"(B) prisoner-facing staff",25.6694307756103
"1195","run6",98,"(A) non-prisoner-facing staff",4.67607936386904
"1196","run6",98,"(B) prisoner-facing staff",22.1155960366043
"1197","run6",99,"(A) non-prisoner-facing staff",5.09090405737361
"1198","run6",99,"(B) prisoner-facing staff",25.495120612986
"1199","run6",100,"(A) non-prisoner-facing staff",3.99692054280323
"1200","run6",100,"(B) prisoner-facing staff",18.9651543229082
"1201","run7",1,"(A) non-prisoner-facing staff",4.64956491766544
"1202","run7",1,"(B) prisoner-facing staff",22.9071320112885
"1203","run7",2,"(A) non-prisoner-facing staff",5.04812876882074
"1204","run7",2,"(B) prisoner-facing staff",24.9605202625889
"1205","run7",3,"(A) non-prisoner-facing staff",4.80815536614252
"1206","run7",3,"(B) prisoner-facing staff",23.5897574804929
"1207","run7",4,"(A) non-prisoner-facing staff",4.78998722387785
"1208","run7",4,"(B) prisoner-facing staff",23.393319296647
"1209","run7",5,"(A) non-prisoner-facing staff",3.83317840896386
"1210","run7",5,"(B) prisoner-facing staff",18.0286642186729
"1211","run7",6,"(A) non-prisoner-facing staff",4.24122223046313
"1212","run7",6,"(B) prisoner-facing staff",20.5332630538267
"1213","run7",7,"(A) non-prisoner-facing staff",5.0292547072053
"1214","run7",7,"(B) prisoner-facing staff",24.8800864411124
"1215","run7",8,"(A) non-prisoner-facing staff",3.77689872772498
"1216","run7",8,"(B) prisoner-facing staff",19.5451858194921
"1217","run7",9,"(A) non-prisoner-facing staff",4.00952196740788
"1218","run7",9,"(B) prisoner-facing staff",19.7516678369611
"1219","run7",10,"(A) non-prisoner-facing staff",3.68926580166527
"1220","run7",10,"(B) prisoner-facing staff",17.3631784579931
"1221","run7",11,"(A) non-prisoner-facing staff",3.70890509116401
"1222","run7",11,"(B) prisoner-facing staff",18.396659565663
"1223","run7",12,"(A) non-prisoner-facing staff",4.78213897040876
"1224","run7",12,"(B) prisoner-facing staff",23.560664644316
"1225","run7",13,"(A) non-prisoner-facing staff",4.24755651726378
"1226","run7",13,"(B) prisoner-facing staff",20.869729566164
"1227","run7",14,"(A) non-prisoner-facing staff",3.87517084764825
"1228","run7",14,"(B) prisoner-facing staff",18.3978642836445
"1229","run7",15,"(A) non-prisoner-facing staff",4.80760957178175
"1230","run7",15,"(B) prisoner-facing staff",23.4009390669421
"1231","run7",16,"(A) non-prisoner-facing staff",4.04524580108942
"1232","run7",16,"(B) prisoner-facing staff",19.7189166250612
"1233","run7",17,"(A) non-prisoner-facing staff",4.08231103447973
"1234","run7",17,"(B) prisoner-facing staff",19.4761987742281
"1235","run7",18,"(A) non-prisoner-facing staff",4.49977777112642
"1236","run7",18,"(B) prisoner-facing staff",22.9967774559288
"1237","run7",19,"(A) non-prisoner-facing staff",2.82890259022067
"1238","run7",19,"(B) prisoner-facing staff",14.2056890621551
"1239","run7",20,"(A) non-prisoner-facing staff",4.37578820691157
"1240","run7",20,"(B) prisoner-facing staff",21.7700645502582
"1241","run7",21,"(A) non-prisoner-facing staff",3.7146671887852
"1242","run7",21,"(B) prisoner-facing staff",18.3311485168037
"1243","run7",22,"(A) non-prisoner-facing staff",4.0882396395957
"1244","run7",22,"(B) prisoner-facing staff",20.8149963331457
"1245","run7",23,"(A) non-prisoner-facing staff",4.1762987430562
"1246","run7",23,"(B) prisoner-facing staff",21.0363410300545
"1247","run7",24,"(A) non-prisoner-facing staff",3.34637645143896
"1248","run7",24,"(B) prisoner-facing staff",16.0753596085361
"1249","run7",25,"(A) non-prisoner-facing staff",4.42603902696286
"1250","run7",25,"(B) prisoner-facing staff",21.4589958126973
"1251","run7",26,"(A) non-prisoner-facing staff",4.81094743667283
"1252","run7",26,"(B) prisoner-facing staff",23.5297029792583
"1253","run7",27,"(A) non-prisoner-facing staff",3.20421583430224
"1254","run7",27,"(B) prisoner-facing staff",15.7652553365168
"1255","run7",28,"(A) non-prisoner-facing staff",3.79627911253937
"1256","run7",28,"(B) prisoner-facing staff",18.8503732029196
"1257","run7",29,"(A) non-prisoner-facing staff",6.14804528008359
"1258","run7",29,"(B) prisoner-facing staff",29.8447902622515
"1259","run7",30,"(A) non-prisoner-facing staff",3.59822889228309
"1260","run7",30,"(B) prisoner-facing staff",17.2858137297061
"1261","run7",31,"(A) non-prisoner-facing staff",5.57091330085216
"1262","run7",31,"(B) prisoner-facing staff",27.0274041113139
"1263","run7",32,"(A) non-prisoner-facing staff",3.29239886666865
"1264","run7",32,"(B) prisoner-facing staff",15.8691032044528
"1265","run7",33,"(A) non-prisoner-facing staff",3.86445554790405
"1266","run7",33,"(B) prisoner-facing staff",18.4089915907582
"1267","run7",34,"(A) non-prisoner-facing staff",3.87475752283539
"1268","run7",34,"(B) prisoner-facing staff",18.9221448654916
"1269","run7",35,"(A) non-prisoner-facing staff",3.73167740344629
"1270","run7",35,"(B) prisoner-facing staff",18.0955226143928
"1271","run7",36,"(A) non-prisoner-facing staff",3.9730232121116
"1272","run7",36,"(B) prisoner-facing staff",19.3703973961501
"1273","run7",37,"(A) non-prisoner-facing staff",3.94484528029587
"1274","run7",37,"(B) prisoner-facing staff",19.451206779332
"1275","run7",38,"(A) non-prisoner-facing staff",4.53809011998431
"1276","run7",38,"(B) prisoner-facing staff",22.529753131427
"1277","run7",39,"(A) non-prisoner-facing staff",3.85975521269672
"1278","run7",39,"(B) prisoner-facing staff",19.2411607785731
"1279","run7",40,"(A) non-prisoner-facing staff",3.95840236579271
"1280","run7",40,"(B) prisoner-facing staff",19.3327655117726
"1281","run7",41,"(A) non-prisoner-facing staff",3.91503481456731
"1282","run7",41,"(B) prisoner-facing staff",19.1876476360592
"1283","run7",42,"(A) non-prisoner-facing staff",4.9301564602726
"1284","run7",42,"(B) prisoner-facing staff",24.1432897929067
"1285","run7",43,"(A) non-prisoner-facing staff",3.80954226963676
"1286","run7",43,"(B) prisoner-facing staff",18.8677745590017
"1287","run7",44,"(A) non-prisoner-facing staff",3.63722471449702
"1288","run7",44,"(B) prisoner-facing staff",18.3497723374389
"1289","run7",45,"(A) non-prisoner-facing staff",3.78037219702306
"1290","run7",45,"(B) prisoner-facing staff",19.9359696845601
"1291","run7",46,"(A) non-prisoner-facing staff",3.92572052520854
"1292","run7",46,"(B) prisoner-facing staff",19.2895309339756
"1293","run7",47,"(A) non-prisoner-facing staff",4.35347878879734
"1294","run7",47,"(B) prisoner-facing staff",22.0874603900577
"1295","run7",48,"(A) non-prisoner-facing staff",5.64576655239981
"1296","run7",48,"(B) prisoner-facing staff",28.1353540729925
"1297","run7",49,"(A) non-prisoner-facing staff",5.63772842012072
"1298","run7",49,"(B) prisoner-facing staff",27.2181326748377
"1299","run7",50,"(A) non-prisoner-facing staff",4.57382160851274
"1300","run7",50,"(B) prisoner-facing staff",23.5042678436566
"1301","run7",51,"(A) non-prisoner-facing staff",3.63119880186359
"1302","run7",51,"(B) prisoner-facing staff",17.2920894015492
"1303","run7",52,"(A) non-prisoner-facing staff",3.25626191412323
"1304","run7",52,"(B) prisoner-facing staff",15.7826876628699
"1305","run7",53,"(A) non-prisoner-facing staff",3.51557523980621
"1306","run7",53,"(B) prisoner-facing staff",18.1620899520678
"1307","run7",54,"(A) non-prisoner-facing staff",3.17451050667245
"1308","run7",54,"(B) prisoner-facing staff",15.2935251793722
"1309","run7",55,"(A) non-prisoner-facing staff",5.46740694220417
"1310","run7",55,"(B) prisoner-facing staff",26.7986374519288
"1311","run7",56,"(A) non-prisoner-facing staff",4.32753702278495
"1312","run7",56,"(B) prisoner-facing staff",21.6563641767122
"1313","run7",57,"(A) non-prisoner-facing staff",4.40109073986029
"1314","run7",57,"(B) prisoner-facing staff",21.5577090466224
"1315","run7",58,"(A) non-prisoner-facing staff",3.41998169645273
"1316","run7",58,"(B) prisoner-facing staff",16.6027841192549
"1317","run7",59,"(A) non-prisoner-facing staff",4.07851950368141
"1318","run7",59,"(B) prisoner-facing staff",19.9537099636203
"1319","run7",60,"(A) non-prisoner-facing staff",4.77876024543705
"1320","run7",60,"(B) prisoner-facing staff",23.1116481188031
"1321","run7",61,"(A) non-prisoner-facing staff",3.88155724735932
"1322","run7",61,"(B) prisoner-facing staff",19.5705602468171
"1323","run7",62,"(A) non-prisoner-facing staff",4.5781614364194
"1324","run7",62,"(B) prisoner-facing staff",22.9830831903935
"1325","run7",63,"(A) non-prisoner-facing staff",5.52876105350532
"1326","run7",63,"(B) prisoner-facing staff",27.3905160569305
"1327","run7",64,"(A) non-prisoner-facing staff",3.49889708164555
"1328","run7",64,"(B) prisoner-facing staff",16.619810583828
"1329","run7",65,"(A) non-prisoner-facing staff",4.48693816447503
"1330","run7",65,"(B) prisoner-facing staff",21.6408340966873
"1331","run7",66,"(A) non-prisoner-facing staff",4.07284050499758
"1332","run7",66,"(B) prisoner-facing staff",20.6666215311199
"1333","run7",67,"(A) non-prisoner-facing staff",4.30731507194818
"1334","run7",67,"(B) prisoner-facing staff",21.2117884894009
"1335","run7",68,"(A) non-prisoner-facing staff",4.03980270541729
"1336","run7",68,"(B) prisoner-facing staff",18.9013096751872
"1337","run7",69,"(A) non-prisoner-facing staff",3.96835105081278
"1338","run7",69,"(B) prisoner-facing staff",19.3968336243488
"1339","run7",70,"(A) non-prisoner-facing staff",3.96608854584516
"1340","run7",70,"(B) prisoner-facing staff",20.1095903767666
"1341","run7",71,"(A) non-prisoner-facing staff",4.82290506329716
"1342","run7",71,"(B) prisoner-facing staff",23.5545760024934
"1343","run7",72,"(A) non-prisoner-facing staff",4.18086839379827
"1344","run7",72,"(B) prisoner-facing staff",20.2789845365615
"1345","run7",73,"(A) non-prisoner-facing staff",4.36270814512879
"1346","run7",73,"(B) prisoner-facing staff",20.9176265040439
"1347","run7",74,"(A) non-prisoner-facing staff",4.70214003123653
"1348","run7",74,"(B) prisoner-facing staff",23.0415432675665
"1349","run7",75,"(A) non-prisoner-facing staff",3.43254619306644
"1350","run7",75,"(B) prisoner-facing staff",17.087943778711
"1351","run7",76,"(A) non-prisoner-facing staff",4.3565662910453
"1352","run7",76,"(B) prisoner-facing staff",21.1540927149852
"1353","run7",77,"(A) non-prisoner-facing staff",3.31904065044918
"1354","run7",77,"(B) prisoner-facing staff",16.0762236841715
"1355","run7",78,"(A) non-prisoner-facing staff",3.63909991912651
"1356","run7",78,"(B) prisoner-facing staff",18.2400986455297
"1357","run7",79,"(A) non-prisoner-facing staff",4.41272538267343
"1358","run7",79,"(B) prisoner-facing staff",21.6557832362351
"1359","run7",80,"(A) non-prisoner-facing staff",3.48570198226008
"1360","run7",80,"(B) prisoner-facing staff",16.7631410222632
"1361","run7",81,"(A) non-prisoner-facing staff",5.23341377130266
"1362","run7",81,"(B) prisoner-facing staff",25.9488230604933
"1363","run7",82,"(A) non-prisoner-facing staff",4.80741945096504
"1364","run7",82,"(B) prisoner-facing staff",23.6529764219221
"1365","run7",83,"(A) non-prisoner-facing staff",3.1034797844515
"1366","run7",83,"(B) prisoner-facing staff",14.1307170162312
"1367","run7",84,"(A) non-prisoner-facing staff",4.0083347748354
"1368","run7",84,"(B) prisoner-facing staff",19.4525441627123
"1369","run7",85,"(A) non-prisoner-facing staff",3.88977047932899
"1370","run7",85,"(B) prisoner-facing staff",18.4078213640359
"1371","run7",86,"(A) non-prisoner-facing staff",3.78216552698456
"1372","run7",86,"(B) prisoner-facing staff",18.2719501952166
"1373","run7",87,"(A) non-prisoner-facing staff",3.66022948443526
"1374","run7",87,"(B) prisoner-facing staff",18.8067748316981
"1375","run7",88,"(A) non-prisoner-facing staff",4.29440506058602
"1376","run7",88,"(B) prisoner-facing staff",21.7604989055042
"1377","run7",89,"(A) non-prisoner-facing staff",4.48337790837784
"1378","run7",89,"(B) prisoner-facing staff",21.7350308829866
"1379","run7",90,"(A) non-prisoner-facing staff",4.62581404209201
"1380","run7",90,"(B) prisoner-facing staff",22.9176149885545
"1381","run7",91,"(A) non-prisoner-facing staff",3.3175747954588
"1382","run7",91,"(B) prisoner-facing staff",15.8806150897819
"1383","run7",92,"(A) non-prisoner-facing staff",4.34945610067631
"1384","run7",92,"(B) prisoner-facing staff",21.91915725996
"1385","run7",93,"(A) non-prisoner-facing staff",5.37516642916484
"1386","run7",93,"(B) prisoner-facing staff",26.2526449168044
"1387","run7",94,"(A) non-prisoner-facing staff",3.82345524493373
"1388","run7",94,"(B) prisoner-facing staff",18.7983837918288
"1389","run7",95,"(A) non-prisoner-facing staff",4.25545792931119
"1390","run7",95,"(B) prisoner-facing staff",22.0587129396927
"1391","run7",96,"(A) non-prisoner-facing staff",4.74973861220093
"1392","run7",96,"(B) prisoner-facing staff",23.4170975481352
"1393","run7",97,"(A) non-prisoner-facing staff",4.94355929484807
"1394","run7",97,"(B) prisoner-facing staff",23.9308226487612
"1395","run7",98,"(A) non-prisoner-facing staff",4.24988240486469
"1396","run7",98,"(B) prisoner-facing staff",20.7773296159197
"1397","run7",99,"(A) non-prisoner-facing staff",4.52270401856505
"1398","run7",99,"(B) prisoner-facing staff",24.0087913430978
"1399","run7",100,"(A) non-prisoner-facing staff",3.64852230921189
"1400","run7",100,"(B) prisoner-facing staff",18.2148023611118
